id,name,set,typeLine,colors,rarity,asp,level,pow,hp,res,ini,magic,lp,rulesText,additionalCostsText,status,source
cca2d2102a69,Zayas Ritual,Origin,Ritual,orange,N,4,,,,,,,,"When Zayas Ritual enters play, create two 1/1 Spectral
Moth Tokens with Flying.
[Turn], Sacrifice three Spetral Moth Tokens: Replace one
function of target spell or an activated ability your
opponent controls. If it:
Deals DMG → Regenerate HP
Gain stats <→ Lose stats
Lose Life > Gain Life
Sacrifice Zayas Ritual then.",,machine,https://bluthelden.com/cdn/shop/files/OR219_Zayas_Ritual.png?v=1749546151&width=3200
54a2dfc78854,The Lie,Origin,Spell,black,F,4,,,,,,4,,"As an additional cost to summon The Lie, sacrifice a
Character you control.
Take control of target Character an opponent controls.
Place it to target War Zone you control.",,machine,https://bluthelden.com/cdn/shop/files/BK156_The_Lie.png?v=1749545909&width=3200
9d7645b2b87e,"Tobin Frostwing, Bird General",Origin,"Mythic Character, Human Advisor",white,F,4,2,,,5,,,,"Advisor (You have to place this card in the Advisor slot. It is
still a Character that can be the target of spells or abilities.)
When Tobin Frostwing enters play, search your Spell
Deck for a Bird Character and put it into your hand.
0, [Turn]: Put 1 POW/HP +1/+1 counter on target Bird you",,machine,https://bluthelden.com/cdn/shop/files/WhatsApp_Image_2026-07-30_at_09.59.25.jpg?v=1785398413&width=3200
aa965e9c77b5,Mart the Dragon Hunter,Origin,"Mythic Character, Human Advisor",green,F,4,2,,,5,,,,"Target Character with Ranged Combat gets
Twin Shot until the end of this round. (This Character's
Ranged Combat deals DMG equal to its POW to up to two
Characters, or double its POW to one Character.)
Whenever a Character dies from Ranged Combat
dealt by a Character you control, choose one: Put 1
POW/HP +1/+1 counter on target Character you control, or gain 1 ASP at the beginning of the next round.",,machine,https://bluthelden.com/cdn/shop/files/WhatsApp_Image_2026-07-30_at_09.58.59.jpg?v=1785398414&width=3200
976ed1199383,Wild Boar Token,Origin,"Token Character, Boar",green,T,,,2,2,3,3,,,,,machine,https://bluthelden.com/cdn/shop/files/Wild_Boar_Token.png?v=1785397795&width=3200
d372e5c24bc7,Crypt Walker,Origin,"Character, Undead",black,N,3,1,2,2,3,2,,,"When Crypt Walker enters play, return an Undead Character from your Graveyard to your hand.
[Turn] Gain 1 ASP, as long as this Character remains Bound.",,machine,https://bluthelden.com/cdn/shop/files/WhatsApp_Image_2026-07-30_at_09.58.58.jpg?v=1785398413&width=3200
6d57b3d7530d,Skeleton Token,Origin,"Token Character, Undead",black,T,,,2,2,1,2,,,"Skeleton Token must attack every round, if able.
If Skeleton Token attacked, sacrifice it at the end of the",,machine,https://bluthelden.com/cdn/shop/files/Skeleton_Token.png?v=1785397796&width=3200
53ed10bcbf91,Mutant Demon Token,Origin,"Token Character, Demon",black,T,,,2,2,3,2,,,"If you control a LVL 2 Resource, 2, . Rise (Search your
Spell Deck for a card named Two-Headed Demon and
place it on this slot. Transfer all counters from Mutant
Demon Token to it. Then destroy Mutant Demon",,machine,https://bluthelden.com/cdn/shop/files/Mutant_Demon_Token.png?v=1785397795&width=3200
ec2852690de1,"Erojo, Warden of the Beyond",Origin,"Mythic Character, Spirit Advisor",orange,F,4,2,,,4,,,,"Advisor (You have to place this card in the Advisor slot. It is
still a Character that can be the target of spells or abilities.)
Spectral Ward
When Erojo, Warden of the Beyond enters play, create a
Shadow Token in target War Zone.
1 ASP, [Turn]: All Characters in target War Zone gain POW/HP -1/-1
equal to the number of Shadow Tokens in that War Zone.",,machine,https://bluthelden.com/cdn/shop/files/WhatsApp_Image_2026-07-30_at_09.58.58_2.jpg?v=1785398413&width=3200
83ffeed6cc65,Rune of Leros,Origin,"Equilibra Resource, Rune",grey,F,,,,,,,,,"Resources you control enter play turned.
You may put an addtional Resource into play once
per Round.
[Turn]: Search your pool for an Advisor, a Character with
Binding, or a Resource card and reveal it. Place the
searched card in its designated Slot without paying
any costs. Then shuffle your pool.",,machine,https://bluthelden.com/cdn/shop/files/WhatsApp_Image_2026-07-30_at_09.58.58_1.jpg?v=1785398413&width=3200
d0859d36e880,"Sirunian Seehoff, King of Falkenheim",Origin,White Sovereign,white,F,,,,,,,,30,", Pay 1 LP: Gain O ASP.
Q, Pay 4 LP: Summon a Miracle card from your hand.
2: Target Character regenerates 2 HP.
Use this ability only once per round.",Green / Blue: +0 ASP; Brown / Purple: +1 ASP; Red / Orange: +2 ASP; Black: cannot be played.,machine,https://bluthelden.com/cdn/shop/files/WH01_Sirunian_Seehoff_WHITE_SOVEREIGN.png?v=1749546341&width=3200
1e9ff377912d,"Valdar Stormwing, General of the falcon guard",Origin,White Sovereign,white,F,,,,,,,,30,"[Turn], Pay 1 LP: Gain O ASP.
2,0: Search your Spell Deck tor a Human with 4 ASP
or less and put it into your hand.
Birds you control have Speed.
(They don't turn when performing a combat action.)",,machine,https://bluthelden.com/cdn/shop/files/WH58_Valdar_Stormwing_General_of_the_Falcon_Guard.png?v=1749546401&width=3200
3c093632d870,Alchemist of Resistance,Origin,"Character, Human",white,N,3,1,1,3,6,3,,,"2 ASP, [Turn]: Target Character in the same Lane gains RES +1 or -1 until the end of the round. This effect ignores the target’s Magic Resistance.",,machine,https://bluthelden.com/cdn/shop/files/WH02_F__Alchemist_of_Resistance.png?v=1749546342&width=3200
f8dbbb09d20f,Alchemist of Strength,Origin,"Character, Human",white,N,2,1,3,3,2,3,,,"If you control a LVL 2 Resource, Q, : Rise (Search
your Spell Deck for a card named Master Alchemist of
Strength and place it on this Slot. Transfer all counters
from Alchemist of Strength to it. Then destroy Alchemist
of Strength.)",,machine,https://bluthelden.com/cdn/shop/files/WH03_F__Alchemist_of_Strength.png?v=1749546343&width=3200
4bee77b4f168,Amazon Rider,Origin,"Character, Human",white,K,4,1,2,3,3,4,,,"Overrun (When Amazon Rider enters play, it deals DMG
equal to its power to target Character an opponent controls
in the same lane.)",,machine,https://bluthelden.com/cdn/shop/files/WH04_Amazon_Rider.png?v=1749546345&width=3200
0a70ee3e9db4,Apprentice,Origin,"Character, Human",white,K,2,1,4,1,3,3,,,"When Apprentice enters play, target Character in the
same Lane regenerates 1 HP.
If you control a LVL 2 Resource, 1: Rise (Search your
Spell Deck for a card named Silas, the Protection Mage and
place it on this Slot. Transfer all counters from Apprentice
to it. Then destroy Apprentice.)",,machine,https://bluthelden.com/cdn/shop/files/WH05_F__Apprentice.png?v=1749546345&width=3200
e7419f1568e7,Archer of the Guard,Origin,"Character, Human",white,K,2,1,4,1,2,3,,,"[Turn]: Ranged Combat (It deals DMG equal to its Power to
target Character in a War Zone within the same Lane.
Activate only as combat action and only if this card is in the
Back Row.)",,machine,https://bluthelden.com/cdn/shop/files/WH06_Archer_of_the_Guard.png?v=1749546346&width=3200
a6c645c5602c,Avatar Der Heilung,Origin,Miracle,white,F,6,,,,,,,,"Provide an antidote to every Character you control.
Al Characters you control regenerate 1 HP and gain
protection from everything until the end of this round.
(They can't be the target of spells or abilities your opponent
controls. All DMG that would be dealt to them is prevented.)",,machine,https://bluthelden.com/cdn/shop/files/WH07_Avatar_Der_Heilung.png?v=1749546347&width=3200
7cd68152ff9d,Balm,Origin,Spell,white,K,3,,,,,,,,Target Character regenerates up to 3 HP.,,machine,https://bluthelden.com/cdn/shop/files/WH08_Balm.png?v=1749546349&width=3200
6f732f0eaf6e,Ban,Origin,Spell,white,N,4,,,,,,4,,"Banish target Artifact, Character, Ritual or Training.",,machine,https://bluthelden.com/cdn/shop/files/WH09_Ban.png?v=1749546350&width=3200
9d807ed08682,Banner of Wisdom,Origin,Mythic Artifact,white,L,4,,,,,,,,Al Humans you control gain RES +1 and POW/HP +1/+1.,,machine,https://bluthelden.com/cdn/shop/files/WH10_Banner_of_Wisdom.png?v=1749546351&width=3200
e1cbadba928d,Blade of The Ancients,Origin,Martial Training,white,N,4,,,,,,,,"Trained Character gains First Damage.
(This Character deals its combat DMG first.)",,machine,https://bluthelden.com/cdn/shop/files/WH11_Blade_of_The_Ancients.png?v=1749546351&width=3200
7549e0dca972,Blinding,Origin,Spell,white,K,2,,,,,,5,,"Target Character can't attack nor defend during the next
combat phase.",,machine,https://bluthelden.com/cdn/shop/files/WH12_Blinding.png?v=1749546352&width=3200
465c891adfcd,Cape of Protection,Origin,Artifact,white,L,3,,,,,,,,"•: Target Character you control gets protection from
everything until end of this round. (It can't be the target
of spells or abilities your opponent controls. All DMG that
would be dealt to it, is prevented.)
Then destroy Cape of Protection at the end of the round.",,machine,https://bluthelden.com/cdn/shop/files/WH13_Cape_of_Protection.png?v=1749546354&width=3200
d9130d64b8c9,Consecrated Monk,Origin,"Character, Human",white,N,4,2,2,4,4,4,,,"Defender (This Character doesn't turn when performing a
defend action.)",,machine,https://bluthelden.com/cdn/shop/files/WH14_highly_concerated_monk.png?v=1749546355&width=3200
ed88cdc1f406,Consecration Ritual,Origin,Spell,white,N,3,,,,,,,,"Choose one: Until the end of the round target
Character gains RES. +2 or gains POW/HP +1/+2.",,machine,https://bluthelden.com/cdn/shop/files/WH15_Consecration_Ritual.png?v=1749546353&width=3200
1dfd0fa3fb99,Divine Storm,Origin,Miracle,white,L,6,,,,,,5,,Deal 1 DMG to all Characters your opponent controls.,,machine,https://bluthelden.com/cdn/shop/files/WH16_Divine_Storm.png?v=1749546356&width=3200
0368ea792508,Exile,Origin,Fundamental Training,white,N,4,,,,,,,,"When Exile enters play, banish target Character an
opponent controls until Exile leaves the field.
(That Character returns under its original owner's control
in a legal Zone of their choice.)",,machine,https://bluthelden.com/cdn/shop/files/WH17_Exile.png?v=1749546357&width=3200
d1c1d30cc6d4,Falconer,Origin,"Character, Human",white,N,3,1,2,3,3,4,,,"1, [Turn]: Create one 1/1 Falcon Token
with Flying to target Slot.",,machine,https://bluthelden.com/cdn/shop/files/WH18_Falconer.png?v=1749546360&width=3200
c15dd3b7f35a,Falcon Guard Diplomat,Origin,"Character, Human",white,K,2,1,4,2,2,3,,,"When Falcon Guard Diplomat enters play, target Character
can't attack nor defend during the next combat phase.",,machine,https://bluthelden.com/cdn/shop/files/WH19_Falcon_Guard_Diplomat.png?v=1749546360&width=3200
161ddca31386,Golden Light Paladin,Origin,"Character, Human",white,N,4,1,2,4,4,4,,,"The first time it survives combat, regenerate
Golden Light Paladin completely. It gains 1 RES +1 counter.",,machine,https://bluthelden.com/cdn/shop/files/WH20_Golden_Light_Paladin.png?v=1749546361&width=3200
d5639fce5ba2,Griffin,Origin,"Character, Bird",white,L,5,2,5,4,5,7,,,,,machine,https://bluthelden.com/cdn/shop/files/WH21_Griffin_92532640-50c9-4cbc-b7a2-c2b33aadb04d.png?v=1750753921&width=3200
e35106b66d82,Healing Wizard,Origin,"Character, Human Bird",white,K,3,2,1,2,4,4,,,"[Turn]: Target Sovereign regenerates 1 HP.
1, [Turn]: Prevent 1 DMG to target Character you control.",,machine,https://bluthelden.com/cdn/shop/files/WH22_Healing_Wizard_31126ea8-76ac-4ed8-ae0b-b3330acbe618.png?v=1750753906&width=3200
ed979e1401f1,Heavens Amulet,Origin,Miracle,white,K,3,,,,,,,,"During this round prevent up to 1DMG to all
Characters you control in target Lane.",,machine,https://bluthelden.com/cdn/shop/files/WH23_Heavens_Amulet_aab20729-307b-40d6-af97-79ec027ec7f6.png?v=1750753903&width=3200
12d37fb07492,Light of Retribution,Origin,Spell,white,K,2,,,,,,3,,"Deal 1 DMG to target Character.
If it dies this way, gain 1 LP.",,machine,https://bluthelden.com/cdn/shop/files/WH24_Light_of_Retribution_42c12d9a-38cb-4096-8064-653999157e74.png?v=1750753923&width=3200
3981be57bc0f,Magic Missle,Origin,Miracle,white,N,4,,,,,,4,,Deal up to 2 DMG to each of up to two target Characters.,,machine,https://bluthelden.com/cdn/shop/files/WH25_Magic_Missle_60e66072-c5e3-4c19-8031-3c2c9ebc4e39.png?v=1750753935&width=3200
bbb9821d9d86,Master Alchemist of Strength,Origin,"Character, Human",white,N,4,2,4,3,4,4,,,"If you control Alchemist of Strength, pay ASP less
to summon Master Alchemist of Strength, then Rise
Alchemist of Strength. (Place this card on Alchemist
of Strength. Transfer all counters from Alchemist of
Strength to it. Then destroy Alchemist of Strength.)
2, [Turn], Put 1 POW/HP +1/+1 counter on target Character
in the Lane.",,machine,https://bluthelden.com/cdn/shop/files/WH26_Master_Alchemist_of_Strengh_03450933-2452-440f-97df-60ee144a864f.png?v=1750753905&width=3200
92d20fd8105b,Master Blacksmith,Origin,"Character, Human",white,N,4,2,2,3,3,3,,,"If you control Young Blacksmith, pay 2 ASP less to
summon Master Blacksmith, then Rise Young Blacksmith.
(Place this card on Young Blacksmith. Transfer all
counters from Young Blacksmith to it. Then destroy
Young Blacksmith.)
[Turn]: Gain 2 ASP, as long as this Character remains Bound.",,machine,https://bluthelden.com/cdn/shop/files/WH27_Master_Blacksmith_7116b734-ceff-4bf7-adf8-8137056b483a.png?v=1750753915&width=3200
870cd997311d,Medica,Origin,"Character, Human",white,N,2,1,2,2,3,3,,,"[Turn]: Target Character in the same Lane regenerates 1 HP.
[Turn]: Medica provides an antidote to target Character in the
same Lane. (Remove all degenerative effect counters from
that Character immediately.)",,machine,https://bluthelden.com/cdn/shop/files/WH28_Medica_47151ba3-c69d-4fcf-95ae-d1eac20e67b0.png?v=1750753925&width=3200
86a57eb7d095,Melody of Courage,Origin,Spell,white,K,2,,,,,,,,"All Characters you control in target Lane
gain 1 RES +1 counter.",,machine,https://bluthelden.com/cdn/shop/files/WH29_Melody_of_Courage_3696a857-957e-4738-ae97-820a6867f412.png?v=1750753937&width=3200
581d5c7128ea,Nobleman,Origin,"Character, Human",white,K,3,1,2,2,2,3,,,"Draw a card, then discard one when Nobleman
enters play.",,machine,https://bluthelden.com/cdn/shop/files/WH30_Nobleman_37135c53-0afa-40f7-be21-3c0ae9297806.png?v=1750753909&width=3200
57a2a9774c08,Prayer of the Ancestors,Origin,Artifact,white,K,3,,,,,,,,"›, Sacrifice: All Characters you control in a War Zone
in target Lane retreat without turning or using an
action, if possible (if there is an empty Slot).
If not, they remain in the War Zone.",,machine,https://bluthelden.com/cdn/shop/files/WH31_Prayer_of_the_Ancestors_1c8a28f3-2e35-47e1-88be-9af190bad4aa.png?v=1750753906&width=3200
8c21d488821e,Ring of Wisdom,Origin,Mythic Artifact,white,F,3,,,,,,,,"[Turn]: Gain O ASP.
Whenever a Character regenerates HP, it regenerates
that many HP +1.",,machine,https://bluthelden.com/cdn/shop/files/WH32_Ring_of_Wisdom_d099f990-24bc-47f2-a267-b3f1fd950991.png?v=1750753909&width=3200
82bb2778a1da,Royal Scout,Origin,"Character, Human",white,K,3,2,2,3,3,3,,,"As Royal Scout enters play or is turned face up, target
Character your opponent controls can't attack nor defend
this round.
Hideout - You may play this card face down in one of your
opponent's War Zones for 2. Other cards can still be
played in that Zone as usual. Turn it face up at any time for
2. If you turn it face up and there is an empty Slot in your
War Zone, place it there. Otherwise, sacrifice it. If your
opponent summons a Character on this card, turn it face
up immediately and sacrifice it.",,machine,https://bluthelden.com/cdn/shop/files/WH33_Royal_Scout_5afe789b-ee58-4de8-8e7c-4d5dd13edc99.png?v=1750753932&width=3200
b08c11642077,Sacred Talisman,Origin,Fundamental Training,white,K,3,,,,,,,,"Trained Character has: &Reduce all DMG dealt to this
Character by 1.""",,machine,https://bluthelden.com/cdn/shop/files/WH34_Sacred_Talisman_2b1f8ce7-baaa-487b-96d2-250eb332055b.png?v=1750753909&width=3200
b4842f484af7,Shield of Wisdom,Origin,Artifact,white,F,3,,,,,,,,"Shield of Wisdom enters play with 3 Wisdom counters
Remove 1 Wisdom counter: Prevent 1 DMG to target
Character you control. Then, if that Character is still
alive, choose one for every prevented DMG this way:
Put 1 RES +1 counter, or 2 INI +1 counter, or 1 POW/HP
+1/+1 counter on that Character.
Use this ability only once per round.
2, [Turn]: Put 1 Wisdom Counter on Shield of Wisdom.",,machine,https://bluthelden.com/cdn/shop/files/WH35_Shield_of_Wisdom_89928ae3-7752-4229-a166-abafc69a6446.png?v=1750753936&width=3200
de87a97fb350,Silas the Protection Mage,Origin,"Epic Character, Human Wizard",white,K,4,2,1,2,4,3,,,"If you control Apprentice, pay 2 ASP less to summon
Silas, the Protection Mage, then Rise Apprentice.
(Place this card on Apprentice. Transfer all counters from
Àpprentice to it. Then destroy Apprentice.)
): Create one Healing Vessel Token (It's an artifact
with ""[Turn], Sacrifice this artifact: Target character
regenerates 1 HP."").",,machine,https://bluthelden.com/cdn/shop/files/WH36_Silas_the_Protection_Mage_7d76a992-3468-4fc6-9c53-534773ec6437.png?v=1750753911&width=3200
47eb90a6d39e,Spearmen of the Sovereign’s Guard,Origin,"Character, Human_",white,K,4,2,3,3,4,4,,,,,machine,https://bluthelden.com/cdn/shop/files/WH37_Spearmen_of_the_Guard_1d7cabbd-80c1-4e86-b0e4-dfbb6abe1e87.png?v=1750753901&width=3200
467bc75d7ac1,Swiftstrike,Origin,Martial Training,white,L,3,,,,,,,,"Trained Character gains Targeted Strike
(You may attack target Character directly).",,machine,https://bluthelden.com/cdn/shop/files/WH38_Swiftstrike_d34375f4-da78-4d24-8f95-89a625e8ae90.png?v=1750753939&width=3200
99c6e52042f9,Swordsman,Origin,"Character, Human",white,N,3,1,2,2,3,3,,,"If you control a LVL 2 Resource,
(Search your Spell Deck for a card named Swordmaster
Kaelric Dawnlight and place it on this slot. Transfer all
countersfrom Swordsman to it. Then destroy Swordsman.)",,machine,https://bluthelden.com/cdn/shop/files/WH39_Swordsman_9d1443b5-8a21-49d4-ab0a-a3c7ac6aca27.png?v=1750753933&width=3200
211ab8c71790,Swordmaster Kaelric Dawnlight,Origin,"Epic Character, Human",white,N,4,2,4,3,4,3,,,"If you control Swordsman, pay 2 ASP less to summon
Swordmaster Kaelric Dawnlight then Rise Swordsman.
(Place this card on Swordsman. Transfer all counters from
Swordsman to it. Then destroy Swordsman.)
First Damage (This Character deals its combat DMG first.)",,machine,https://bluthelden.com/cdn/shop/files/WH40_Swordmaster_Kaelric_Dawnlight_f64b61a0-a4aa-46af-a98a-f1ba45ce9b5e.png?v=1750753904&width=3200
6ae92705028f,"Thalor, Falcon of Accuracy",Origin,"Character, Bird",white,L,4,2,2,3,3,4,,,Targeted Strike (You may attack target Character directly.),,machine,https://bluthelden.com/cdn/shop/files/WH41_Thalor_Falcon_of_Accuracy_d0000dd8-eab5-4a2b-a18c-c2b7329cffc0.png?v=1750753935&width=3200
0a8981c4290b,Toshis Gift,Origin,Spell,white,N,4,,,,,,,,"Target Character gains Speed (This Character doesn't
turn when performing a combat action.) and Two-Handed
Combat. (It can perform two attack or defend actions until
the end of this round. It may attack and or dejend up to
two times in total during this combat, distributed as you",,machine,https://bluthelden.com/cdn/shop/files/WH42_Toshis_Gift_f087e676-c104-4d3a-9d3f-d89b1e6568f3.png?v=1750753912&width=3200
a24a6cd02937,War Falcon,Origin,"Character, Bird",white,K,3,1,1,2,3,3,,,,,machine,https://bluthelden.com/cdn/shop/files/WH43_War_Falcon_77ffa53b-4448-4fab-99f0-1d310f49341c.png?v=1750753938&width=3200
64bfe52cd805,Warrior of The Shieldwall,Origin,"Character, Human",white,L,4,2,2,6,2,4,,,"•: Protective Shield (Choose a Character in the same
War Zone. Absorb the DMG from an attack on that
Character.)
Surge (You may use this ability anytime, without
comparing the INI.)",,machine,https://bluthelden.com/cdn/shop/files/WH44_Warrior_of_The_Shieldwall_8a91de15-8857-4c00-adb7-c4cac3474fda.png?v=1750753917&width=3200
298e64796878,Watch Dog,Origin,"Character, Dog",white,K,2,1,2,2,3,4,,,"All other Characters you control in the same Lane
gain INI +1.",,machine,https://bluthelden.com/cdn/shop/files/WH45_Watch_Dog_7e332f83-1f88-409f-be20-4856d6661d7f.png?v=1750753917&width=3200
3001d477b23c,White Pegasus,Origin,"Character, Pegasus",white,K,3,1,2,2,3,3,,,,,machine,https://bluthelden.com/cdn/shop/files/WH46_White_Pegasus_12b1a9cc-0e10-4e18-8a6a-b038320f56a2.png?v=1750753916&width=3200
e6c10c910c75,Zyphor Teller of Tales,Origin,"Epic Character, Human",white,F,4,2,2,4,3,3,,,"When Zyphor, Teller of Lost Tales enters play, look at the
top 3 cards of your Spell deck, draw one card and put the
rest back on top in any order.",,machine,https://bluthelden.com/cdn/shop/files/WH47_Zyphor_Teller_of_Tales_b54319a7-18d4-42f3-bf7f-3194a8d0f09c.png?v=1750753913&width=3200
238a1564f3c3,Arion PALADIN of The Falkon GUard,Origin,"Epic Character, Human",white,N,4,2,3,2,3,3,,,"When Arion, Paladin of the Falcon Guard enters play, create
one 1/1 Falcon Token with Flying in target War Zone.
[Turn]: Gain O ASP as long as this Character remains Bound.",,machine,https://bluthelden.com/cdn/shop/files/WH48_Arion_PALADIN_of_The_Falkon_GUard_65dd1573-4c63-4373-9d2e-b9a5f14c8f6c.png?v=1750753914&width=3200
7086e7323b11,Camorrus Tower,Origin,Mythic Resource,white,N,,2,,,,,,,"If you play Camorrus Tower on another LVL1 Resource,
that Resource becomes a Training attached to
Camorrus Tower with the following effect: ""Whenever
you gain ASP, you gain that much ASP plus one.
[Turn]: Gain O ASP.
2: Increase the Magic Value of one of your spells by 2
until the end of the turn.",,machine,https://bluthelden.com/cdn/shop/files/WH49_Camorrus_Tower_4f636039-6d31-4a41-a0cf-5b61bd98ba7f.png?v=1750753923&width=3200
76e1f2eb4097,Forge of Heroes,Origin,Resource,white,N,,2,,,,,,,"Forge of Heroes enters play with one Hero counter.
Q: Add one Hero counter.
[Turn], Remove X Hero counters: For each counter removed,
choose one: Target Character gains 1 RES +1, 1 INI +1, or 1
POW/HP +1/+1 counter.
1, [Turn]: Rise target Character you control with Rise.
Transfer all counters to the Risen Character, then remove
the original from the game. It may move without turning
and using an action.",,machine,https://bluthelden.com/cdn/shop/files/WH50_Forge_of_Heroes_78c6fd13-744a-4326-84aa-d9a8d090e770.png?v=1750753923&width=3200
015b6bfd0712,Guardian of The Shield Dome,Origin,"Character, Human_",white,N,4,2,2,3,4,3,,,"As long as this Character remains Bound, Characters
with Flying treat this Lane as if they don't have Flying
for combat actions.
[Turn]: Gain O ASP, as long as this Character remains",,machine,https://bluthelden.com/cdn/shop/files/WH51_Guardian_of_The_Shield_Dome_a2599b9d-1049-4291-8868-682e4d40d4f0.png?v=1750753920&width=3200
769e01072510,Holy Forge,Origin,Resource,white,L,,2,,,,,,,"Holy Forge enters play with 2 Protection counters.
O: Gain O ASP.
Q, Remove 1 Protection counter from Holy Forge:
Target Character in the same Lane gets protection from
everything until end of this round. (It can't be the target
of spells or abilities your opponent controls. All DMG that
would be dealt to it, is prevented.)
Holy Forge doesn't unturn next round.",,machine,https://bluthelden.com/cdn/shop/files/WH52_Holy_Forge_81d13316-295f-43a5-8701-ad853392b574.png?v=1750753918&width=3200
90cbc445940a,Magister Tillion of Weidenheim,Origin,"Mythic Character, Human Advisor",white,F,4,1,,,5,,,,"Advisor (You have to place this card in the Advisor slot.
It is still a character that can be the target of spells or
abilities.)
, Remove 1 Peace counter: Choose a Lane.
Characters in that Lane can't deal any DMG in this round.
O, [Turn]: Put 1 Peace counter on this Advisor.",,machine,https://bluthelden.com/cdn/shop/files/WH53_Magister_Tillion_of_Weidenheim_0cb2fba7-475c-4dbe-8c85-45f56a28644e.png?v=1750753931&width=3200
16ed36a22e1a,The River Forge,Origin,Resource,white,L,,2,,,,,,,"[Turn]: Gain O ASP. Gain 2 ASP instead, if you control at
least three Resources with different names.
[Turn]: Create one ""Healing Vessel"" Token.
(It's an Artifact Token with ""[Turn], Sacrifice this Artifact:
Target Character regenerates 1 HPi)",,machine,https://bluthelden.com/cdn/shop/files/WH54_The_River_Forge_e9c81a07-87fe-45aa-b7ca-88e29907d694.png?v=1750753930&width=3200
20c365a0956a,Young Blacksmith,Origin,"Character, Human",white,K,1,1,1,1,2,2,,,"If you control a LVL 2 Resource, U, O: Rise (Search
your Spell Deck for a card named Master Blacksmith
and place it on this slot. Iransfer all counters from Young
Blacksmith to it. Then destroy Young Blacksmith.)
[Turn]: Gain O ASP, as long as this Character remains",,machine,https://bluthelden.com/cdn/shop/files/WH55_Young_Blacksmith_f1b14b81-a9c0-4958-bc88-d1274f9c9cef.png?v=1750753928&width=3200
de6d829a687a,Falcon,Origin,"Token Character, Bird",white,T,,,1,1,3,3,,,OLOO,,machine,https://bluthelden.com/cdn/shop/files/WH-TK-56_Falcon_Token_alle_weiss_b72a2628-897e-47b7-b761-26fb79933131.png?v=1750947366&width=3200
b8a79e09705c,WH-TK-57 Healing Vessel,Origin,"Token, Artifact",white,T,,,,,,,,,"X1°1++10 T
[Turn], Sacrifice this Artifact: Target Character regenerates 1 HP.",,machine,https://bluthelden.com/cdn/shop/files/WH-TK-57_Healing_Vessel_26e7e5ab-5b20-4703-8004-d982cac3a3f7.png?v=1750947386&width=3200
de56dfced149,Flying Swords,Origin,MIRACLE,white,F,6,,,,,,5,,"Choose up to three target Characters in the Combat
Flying Swords deal 4 DMG to up to one Character,
3 DMG to up to one other Character, and 2 DMG to up
to one additional Character.
If two or more Characters died this way, you gain 4 LP.
F WHD-18 ORI•EN ©2 Bluthelden®",,machine,https://bluthelden.com/cdn/shop/files/Flying_Swords.png?v=1758106369&width=3200
5196adc8545d,Horns of Camorrus,Origin,Artifact,white,F,5,,,,,,,,"Horns of Camorrus enter play with 2 Horn counters on them.
Remove 1 Horn counter from Horns of Camorrus, [Turn]: Put 1
RES +1 counter, 1INI +1 counter, and 1 POW/HP +1/+1 counter
on all Characters you control. If there is no counter on it,
sacrifice Horns of Camorrus.
F WH D-21 ORI•EN ©24 Bluthelden®",,machine,https://bluthelden.com/cdn/shop/files/Horns_of_Camorrus.png?v=1758106391&width=3200
1594d323378c,Sovereign’s Charge,Origin,Sovereign Training,white,F,3,,4,6,6,6,,,"When this Training enters play, attach it to your
Sovereign.
Q your Sovereign, : Transform this Training into
a Sovereign Token with the same card type as your
Sovereign. Place it to target War Zone with the stats
on this card and it has ""Skyguard"".
F WHD-30 ORI•EN ©2 Bluthelden®",,machine,https://bluthelden.com/cdn/shop/files/Sovereigns_Charge.png?v=1758106416&width=3200
41490da25258,"Toshi, the Blessed",Origin,"Epic Character, Human",white,L,4,2,3,3,4,5,,,"Speed (This Character does not turn when performing a
combat action.)
Two-Handed Combat (It can perform two attack or defend
actions each round. It may attack and/or defend up to two
times total during each combat, distributed as you choose.)
L WHD-39 ORI•EN ©2 Bluthelden®",,machine,https://bluthelden.com/cdn/shop/files/Toshi.png?v=1758106505&width=3200
a7658198b7f6,"Valdar Stormwing, General of the Falcon Guard",Origin,White Sovereign,white,F,,,,,,,,30,"O, Pay 1 LP: Gain O ASP.
2,O: Search your Spell Deck for a Human with O ASP or
less and put it into your hand.
Birds you control have Speed.
(They don't turn when performing a combat action.)
F WHPR-003 ORI-EN ©2 Bluthelden®",,machine,https://bluthelden.com/cdn/shop/files/Valdar.png?v=1758106694&width=3200
67996634c395,"KingLomeling, Guardian of the Forest",Origin,Green Sovereign,green,F,,,,,,,,,"Force of Nature - You can control one additional
Character in each of your War Zones. (3 instead of 2.)
®, Pay 1 LP: Gain O ASP.
®, Pay 2 LP: Characters you control get +1/+1 until end
of this round.",,machine,https://bluthelden.com/cdn/shop/files/GR059_King_Loemeling.png?v=1749547343&width=3200
2fd987e4d057,Avatarof the Forest,Origin,"Character, Avatar",green,L,5,2,5,4,4,6,,,,,machine,https://bluthelden.com/cdn/shop/files/GR060_Avatar_of_The_Forrest.png?v=1749547344&width=3200
1e43d51001b2,Bannerof Nature,Origin,Artifact,green,L,4,,,,,,,,"As Banner of Nature enters play, create one 1/2
Creeper Plant Token to target Slot.
2: Banner of Nature becomes an Mythic Emblem with:
Every Character you control gain POW/HP+ 1/+1, RES +1,
INI +2 permanentely.",,machine,https://bluthelden.com/cdn/shop/files/GR061_Banner_of_Nature.png?v=1749547344&width=3200
6fef3c4a7c3c,Bow of Precision,Origin,Martial Training,green,N,3,,,,,,,,"If the Trained Character has Ranged Combat,
it gains INI +1 and POW/HP +1/+0.",,machine,https://bluthelden.com/cdn/shop/files/GR062_Bow_of_precision.png?v=1749547345&width=3200
52342f49c67c,Blossom Elf,Origin,"Character, Elf",green,N,4,1,2,3,4,4,,,"Whenever a Character you control in the same Lane gains
ASP, it gains that many ASP plus one.",,machine,https://bluthelden.com/cdn/shop/files/GR063_Blossom_Elf.png?v=1749547347&width=3200
8a1795362241,Centaur,Origin,"Character, Centaur",green,N,3,1,3,4,4,3,,,": Protective Shield
(Choose a Character in the same War Zone. Absorb the
DMG from an attack on that Character. You can use this
ability without comparing the INI.)",,machine,https://bluthelden.com/cdn/shop/files/GR064_Centaur.png?v=1749547348&width=3200
f9e32ab1e15e,Council of Elders,Origin,Ritual,green,N,4,,,,,,,,"If you control three or more Elfes, play with the top
card of your Spell Deck revealed. If it's an Elf, you may
summon it by paying its regular ASP.",,machine,https://bluthelden.com/cdn/shop/files/GR065_Council_of_elders.png?v=1750063126&width=3200
72d6bedc4acb,Dragon Babe,Origin,"Character, Dragon",green,N,3,1,2,2,2,2,,,"Ifyou control a LVL 2 Resource, 2, 1: Rise (Search your
Spell Deck for a card named Nidhogg, The Appealing
Dragon and place it on this slot. Transfer all counters from
Dragon Babe to it. Then destroy Dragon Babe.)",,machine,https://bluthelden.com/cdn/shop/files/GR066_Dragon_Babe_634cdcae-3e18-4fea-9d16-40dbce6fac0a.png?v=1750063153&width=3200
77a9074fdefa,Druide of the Earth,Origin,"Character, Druide",green,K,2,1,2,2,4,3,,,"If you control a LVL 2 Resource, 2 : Rise Search
your Spell Deck for a card named Drumin, The Druide and
place it on this slot. Transter all counters from Druide of
the Earth to it. Then destroy Druide of the Earth.)",,machine,https://bluthelden.com/cdn/shop/files/GR067_Druide_of_The_Earth.png?v=1750063124&width=3200
317df72e8a79,"Drumin, the Druid",Origin,"Epic Character, Druide",green,K,4,2,4,5,2,3,,,"If you control Druide of the Earth, pay 2 ASP less to
summon Drumin, the Druide, then Rise Druide of the
Earth. (Place this card on Druide of the Earth. Transfer
all counters from Druide of the Earth to it. Then destroy
Druide of the Earth.)
D: Create a Fundamental Training called Growth
and attach it to target Character you control. It has:
""Trained Character gains POW/HP +2/+1.""",,machine,https://bluthelden.com/cdn/shop/files/GR068_Drumin_The_Druide.png?v=1750063127&width=3200
21180c53785f,Earthquake,Origin,Ritual,green,L,5,,,,,,5,,"When Earthquake enters play, deal 1 DMG to every
Character in target War Zone.
Second Round: At the beginning of your turn, deal 1 DMG
to every Character with Flying in the Combat Zone.
Third Round: At the beginning of your turn, Spread all
Floras you control. (Create a copy of each Flora and place
it in an unoccupied Slot in the same Lane.) Then banish
Earthquake.",,machine,https://bluthelden.com/cdn/shop/files/GR069_Earthquake_9dfb20d3-4f55-4047-b940-c85daa9a98cd.png?v=1750063162&width=3200
1aecdee9dd29,Elf Warrior,Origin,"Character, Elf",green,N,4,1,2,4,4,3,,,"Speed (This Character doesn't turn when performing a
combat action.)",,machine,https://bluthelden.com/cdn/shop/files/GR070_Elf_Warrior.png?v=1750063126&width=3200
be58915911ff,Elven Gatekeeper,Origin,"Character, Elf",green,N,4,1,2,4,4,3,,,"When Elven Gatekeeper enters play, target Character
gains Tactical Shift until the end of the round. (This
Character may move to another open Slot without turning
and using an action.)",,machine,https://bluthelden.com/cdn/shop/files/GR071_Elven_Gatekeeper.png?v=1750063129&width=3200
d7189032ca53,Elvish Boots,Origin,Martial Training,green,K,3,,,,,,,,"Trained Character gains Tactical Shift. (This Character
may move to another open Slot without spending an action
and without turning. Use this ability only once per round.)",,machine,https://bluthelden.com/cdn/shop/files/GR072_Elvish_Boots_b585c62d-cc5d-4882-bf30-918c74b5d7b5.png?v=1750063132&width=3200
0d7d368b033d,Elvish Archer,Origin,"Character, Elf",green,K,2,1,4,2,2,4,,,"•: Ranged Combat (It deals DMG equal to its Power
to target Character in a War Zone within the same Lane.
Activate only as combat action and only if this card is in the
Back Row.)
If a Character with Flying takes DMG, it loses Flying.",,machine,https://bluthelden.com/cdn/shop/files/GR073_Elfish_Archer.png?v=1750063130&width=3200
65e3790e2bde,Elvish Armor,Origin,Martial Training,green,K,2,,,,,,,,Trained Character gains POW/HP +0/+2.,,machine,https://bluthelden.com/cdn/shop/files/GR074_Elvish_ARmor.png?v=1750063131&width=3200
90a189a911a2,Elvish Picker,Origin,"Character, Elf",green,N,2,1,2,2,3,4,,,"If you control three different card types in the same Lane,
Eifish Picker gains O ASP at the beginning of your turn.",,machine,https://bluthelden.com/cdn/shop/files/GR075_Elvish_Picker.png?v=1750063128&width=3200
19a4f837a013,Fighting Tree,Origin,"Character, Tree",green,L,6,2,6,8,5,3,,,"Punch (If this Character deals DMG to another Character
that exceeds its HP, the excess DMG is dealt to the
opponent's Sovereign.)
Dual Slot (This Character occupies 2 Slots in the War",,machine,https://bluthelden.com/cdn/shop/files/GR076_Fighting_Tree_074a3c3c-e551-4adc-83ca-fb1135cc3d25.png?v=1750754948&width=3200
b791a4b77dea,Flute of Harmony,Origin,Spell,green,N,3,,,,,,,,"Draw three cards from your Spell Deck and/or Pool Deck and put
them in the Banished Zone.
You may play one Flora card this round without paying its ASP
cost. (You may summon that card anytime until the end of
this round.)
At the end of the round, put the remaining drawn cards in any
order on top of your Spell Deck, then shuffle your Spell Deck.",,machine,https://bluthelden.com/cdn/shop/files/GR077_Flute_of_Harmony.png?v=1750754918&width=3200
1a4c5921226a,Fog,Origin,Spell,green,N,4,,,,,,,,"All Characters you control gain Untargetable until the
end of this round. (They can't be targeted by spells or
abilities your opponents control until the end of this round.)",,machine,https://bluthelden.com/cdn/shop/files/GR078_Fog.png?v=1750754910&width=3200
651d4b62463f,"Galion, Conquerer of Shadows",Origin,"Epic Character, Elf",green,N,4,2,3,3,4,4,,,"2: Target Artifact becomes Untargetable.
(It can't be the target of spells or abilities your opponent
controls.)",,machine,https://bluthelden.com/cdn/shop/files/GR79_Galion_Conqueror_of_Shadows.png?v=1750754920&width=3200
44eafe0fde17,Gardener,Origin,"Character, Elf",green,K,3,1,4,1,2,2,,,"[Turn], 2: Create one 1/2 Creeper Plant Token in target Slot in
the same Lane.",,machine,https://bluthelden.com/cdn/shop/files/GR080_Gardener.png?v=1750754947&width=3200
674a39de33cb,"Garran, Ironroot Protector",Origin,"Character, Flora",green,N,3,1,3,4,3,3,,,"Punch (If this Character deals DMG to another Character
that exceeds its HP, the excess DMG is dealt to the
opponent's Sovereign.)",,machine,https://bluthelden.com/cdn/shop/files/GR081_Garran_Ironroot_Protector.png?v=1750754937&width=3200
9ffef488db12,Green Dragon,Origin,"Character, Dragon",green,F,5,2,4,4,6,7,,,,,machine,https://bluthelden.com/cdn/shop/files/GR082_Green_Dragon.png?v=1750754959&width=3200
7ff079424c21,Luminary of Growth,Origin,"Character, Elf",green,N,4,1,1,2,3,3,,,"As Luminary of Growth enters play or is turned face up,
create two 1/2 Creeper Plant Tokens to two target Slots.
Hideout - You may play this card face down in one of
your opponent's War Zones for 2. Other cards can still
be played in that Slot as usual. Turn it face up at any time
If you turn it face up and there is an empty Slot in your
War Zone, place it there. Otherwise, sacrifice it. If your
opponent summons a Character on this card, turn it face
up immediately and sacrifice it.",,machine,https://bluthelden.com/cdn/shop/files/GR083_Luminary_of_Growth.png?v=1750754957&width=3200
c0f508adda10,Mammoth,Origin,"Character, Mammoth",green,N,4,2,3,4,4,3,,,"When Mammoth enters play, it fights up to one target
Character in the same Lane. If it survives combat,
regenerate Mammoth completely.",,machine,https://bluthelden.com/cdn/shop/files/GR084_Mammoth.png?v=1750754916&width=3200
b8183c47968f,"Nidhogg, the Appealing Dragon",Origin,"Epic Character, Dragon",green,L,6,2,4,5,3,4,,,"If you control Dragon Babe, pay 3 ASP less, then Rise
Dragon Babe. (Place this card on Dragon Babe. Transfer
all counters from Dragon Babe to it. Then remove
Dragon Babe from the game.)
Punch (Ifthis Character deals DMG to another Character
that exceeds its HP, the excess DMG is dealt to the
opponent's Sovereign.)
2: It gains POW/HP +1/+1 until end of turn.",,machine,https://bluthelden.com/cdn/shop/files/GR085_Nidhogg_The_Appealing_Dragon.png?v=1750754909&width=3200
8388a8d3b7ee,"Paki, Master Marksman",Origin,"Epic Character, Human",green,L,4,2,2,3,3,3,,,"•: Ranged Combat
(It deals DMG equal to its Power to target Character in a
War Zone within the same Lane. Activate only as combat
action and only if this card is in the Back Row.)",,machine,https://bluthelden.com/cdn/shop/files/GR086_Paki_MAster_Marksman.png?v=1750754915&width=3200
5a7e07e7b8f2,Peace of Mind,Origin,Spell,green,K,3,,,,,,,,"Target a War Zone. Characters your opponent controls
can't attack this round.",,machine,https://bluthelden.com/cdn/shop/files/GR087_Peace_of_Mind.png?v=1750754913&width=3200
16c1c51d8a71,Porcupine Giant,Origin,"Character, Giant",green,N,5,2,4,6,5,3,,,"Thorn Defense (Whenever a Character your opponent
controls enters or is moved into the same War Zone,
Porcupine Giant deals 1 DMG to that Character.)
Dual Slot (This Character occupies 2 Slots in the War",,machine,https://bluthelden.com/cdn/shop/files/GR088_Porcupine_Giant.png?v=1750754945&width=3200
f125c65067e9,Power of Nature,Origin,Artifact,green,N,2,,,,,,,,"3, [Turn]: Put up to 2 POW/HP +1/+1 counter on up to two
target Characters you control.",,machine,https://bluthelden.com/cdn/shop/files/GR089_power_of_nature.png?v=1750754906&width=3200
b62601d7c3cb,Ranger,Origin,"Character, Human",green,K,3,1,2,3,3,3,,,"""I need no map. The trees remember the way.""",,machine,https://bluthelden.com/cdn/shop/files/GR090_Ranger.png?v=1750754913&width=3200
0bd5330a4a97,Ring of Nature,Origin,Mythic Artifact,green,F,2,,,,,,,,"1: Gain 1 ASP.
Whenever Characters you control attack, they gain",,machine,https://bluthelden.com/cdn/shop/files/GR091_Ring_of_Nature.png?v=1750754943&width=3200
4e8784c39ff5,Seed,Origin,Spell,green,K,2,,,,,,,,Create one 1/2 Creeper Plant Token in target Slot.,,machine,https://bluthelden.com/cdn/shop/files/GR092_Seed.png?v=1750754943&width=3200
8084f7f92e95,Seed Rain,Origin,Spell,green,N,3,,,,,,,,"Create one 1/2 Creeper Plant Token in target Slot . At the
beginning of your next round, if this Token is still in play,
transform it into a 4/4 Giant Creeper Plant Token.",,machine,https://bluthelden.com/cdn/shop/files/GR093_Seed_Rain.png?v=1750754941&width=3200
92b34e515d41,Staff of Enchantments,Origin,Martial Training,green,L,3,,,,,,,,"Trained Character gains POW/HP +1/+1 for each Training
you control in the same Lane. It has ""Whenever this
Character attacks, look at the top five Cards of your Spell
Deck. You may reveal a Training Card from among them
and put it into your hand. Put the rest on top in any order
of your Spell Deck and shuffle your Spell Deck.""",,machine,https://bluthelden.com/cdn/shop/files/GR094_Staff_of_Enchantments.png?v=1750754939&width=3200
eda57c1fdfdb,Strength,Origin,Martial Training,green,K,4,,,,,,,,Trained Character gains POW/HP +4/+2.,,machine,https://bluthelden.com/cdn/shop/files/GR095_Strenght.png?v=1750754955&width=3200
7704f682146f,Talking Trees,Origin,Spell,green,K,3,,,,,,,,"Choose 3 Creeper Plant Token in target Lane and fuse
them into one 4/4 Giant Creeper Plant Token. Place the
fused Token on an unoccupied Slot in the same Lane.",,machine,https://bluthelden.com/cdn/shop/files/GR096_Talking_Trees.png?v=1750754953&width=3200
7d08e47ec084,Thunderclap,Origin,Spell,green,N,6,,,,,,5,,"Deal 1 DMG to every Character in target Lane. It deals
X additional DMG for each Training you control in the
same Lane.",,machine,https://bluthelden.com/cdn/shop/files/GR097_Thunderclap.png?v=1750754951&width=3200
3a01cb13d5d6,Tracker,Origin,"Character, Human",green,K,4,1,2,3,4,4,,,"As Tracker enters play or is turned face up, all other
Characters you control gain INI +2 until end of this round.
Hideout - You may play this card face down in one of your
opponent's War Zones for 2. Other cards can still be
played in that Slot as usual. Turn it face up at any time tor
2. If you turn it face up and there is an empty Slot in your
War Lone, place it there. Otherwise, sacritice it. It your
opponent summons a Character on this card, turn it tace
up immediately and sacrifice it.",,machine,https://bluthelden.com/cdn/shop/files/GR098_TRacker.png?v=1750754949&width=3200
00e72eb238ce,Ulfreds Hornets,Origin,"Character, Insect",green,K,2,1,1,2,2,3,,,"Targeted Strike (You may attack one target Character
directly.)",,machine,https://bluthelden.com/cdn/shop/files/GR099_Ulfreds_Hornets.png?v=1750754924&width=3200
6f6821ab8e4d,Wild Boar,Origin,"Character, Boar",green,K,4,1,2,2,3,3,,,"As Wild Boar enters play or is turned face up, create one
2/2 Wild Boar Token to target unoccupied Slot in the
same Lane.
Hideout - You may play this card face down in one of your
opponent's War Zones for 2. Other cards can still be
Layed in that Slot as usual. Turn it face up at any time for
2. if you turn it face up and there is an empty Slot in your
War Zone, place it there. Otherwise, sacrifice it. If your
opponent summons a Character on this card, turn it face
up immediately and sacrifice it.",,machine,https://bluthelden.com/cdn/shop/files/GR100_Wild_Boar.png?v=1750754965&width=3200
1081029876cb,Wind Whispers,Origin,Ritual,green,K,3,,,,,,,,"Whenever a Training you control enters play, target
Character you control gains Tactical Shift until the
end of the round. (That Character may move without
spending an action and without turning.)",,machine,https://bluthelden.com/cdn/shop/files/GR101_Wind_Whispers.png?v=1750754968&width=3200
cde4a87c9714,Wood Elf,Origin,Elf,green,K,3,,2,3,3,4,,,2 ASP: Create one 1/2 Creeper Plant Token in target Slot.,,machine,https://bluthelden.com/cdn/shop/files/GR102_Wood_Elf.png?v=1750754962&width=3200
a2ee59abf917,Wonders of Nature,Origin,Spell,green,K,3,,,,,,,,"Create up to two 1/2 Creeper Plant Tokens in up to two
target Slots.",,machine,https://bluthelden.com/cdn/shop/files/GR103_Wonders_of_Nature.png?v=1750754964&width=3200
9b839bca238d,Woodland Hawk,Origin,"Character, Bird",green,K,2,1,4,2,2,3,,,,,machine,https://bluthelden.com/cdn/shop/files/GR104_Woodland_Hawk.png?v=1750754960&width=3200
6071dd4ebf47,Creeper Field,Origin,Resource,green,N,,1,,,,,,,"•: Gain 1 ASP.
•: Create one 1/2 Creeper Plant Token in target Slot in
the same Lane.",,machine,https://bluthelden.com/cdn/shop/files/GR105_Creeper_Field.png?v=1750754967&width=3200
2dd321b46a33,Forest Dwellers,Origin,"Character, Human",green,K,2,1,2,2,2,2,,,"Tactical Shift (That Character may move without turning
and using an action.)
: Gain O ASP, as long as this Character remains Bound.",,machine,https://bluthelden.com/cdn/shop/files/GR106_Forest_Dwellers.png?v=1750754934&width=3200
5da9bc3f1873,Elf of the Magical Encounter,Origin,"Character, Elf",green,K,3,1,4,2,2,3,,,"As long as this Character is trained, Training spells summon
into the same Lane cost 1 ASP less.
®: Gain 1 ASP, as long as this Character remains Bound.",,machine,https://bluthelden.com/cdn/shop/files/GR107_Elf_of_the_Magical_encounter.png?v=1750754939&width=3200
e63b8f30e203,Nature’s Ally,Origin,"Character, Elf",green,N,3,2,4,3,3,3,,,"When Nature's Ally enters play, create one 1/2 Creeper
Plant Token in target Slot in the same Lane.
®: Gain O ASP, as long as this Character remains",,machine,https://bluthelden.com/cdn/shop/files/GR108_Natures_ally.png?v=1750754931&width=3200
ea9d61987402,The Two Rivers,Origin,Resource,green,L,,2,,,,,,,"®: Gain 1 ASP.
1: Gain 2 ASP. Activate only if you control three or
more Unbound Characters in the same Lane.",,machine,https://bluthelden.com/cdn/shop/files/GR109_The_Two_Rivers.png?v=1750754929&width=3200
91c022a42ae8,The Unified,Origin,"Character, Human",green,K,3,2,1,3,3,3,,,"When The Unified enters play, create a Training called
Growth and attach it to target Character you control in
the same Lane. It gains POW/HP +2/+1.
[Turn]: Gain 1 ASP, as long as this Character remains Bound.",,machine,https://bluthelden.com/cdn/shop/files/GR110_The_Unified.png?v=1750754928&width=3200
075a46df9f69,Ulfred Brigbuck’s Garden,Origin,Epic Resource,green,F,,2,,,,,,,"Every Flora in this Lane gains RES +1 and POW/HP +1/+1.
®: Gain 1 ASP.",,machine,https://bluthelden.com/cdn/shop/files/GR111_Ulfred_Brigbucks_Garden.png?v=1750754927&width=3200
4121838c0457,"Ulfred Brigbuck, the Wise",Origin,"Mythic Character, Elf Advisor",green,F,3,2,,,5,,,,"Advisor (You have to place this card in the Advisor Slot. It is
still a Character that can be the target of spells or abilities.)
[Turn]: Create one 1/2 Creeper Plant Token in target Slot.
: Choose 3 Creeper Plant Tokens in target Lane and
fuse them into one Giant Creeper Plant Token. Place the
fused Token on an unoccupied Slot in the same Lane.",,machine,https://bluthelden.com/cdn/shop/files/GR112_Ulfred_Brigbuck_The_Wise.png?v=1750754923&width=3200
a7c27e478566,Creeper Plant Token,Origin,"Token Character, Flora",green,T,,,4,2,1,1,,,"1YГПЇг
""With every root, with every seed, it spreads relentlessly.""",,machine,https://bluthelden.com/cdn/shop/files/GR113_Creeper_Plant_Token.png?v=1750754921&width=3200
736feb66d12e,Giant Creeper Plant Token,Origin,"Token Character, Flora",green,T,,,4,4,2,3,,,,,machine,https://bluthelden.com/cdn/shop/files/GR114_Giant_Creeper_Plant_Token.png?v=1750754934&width=3200
6598d8140c98,Growth (Token),Origin,"Martial Training, Token",green,T,,,,,,,,,Trained Character gains POW/HP +2/+1.,,machine,https://bluthelden.com/cdn/shop/files/GR115_Growth_TOken.png?v=1750754973&width=3200
c91eb97c6ad2,"Elaria Windwhisper, Keeper of the Gale",Origin,Green Sovereign,green,F,,,,,,,,30,"All Flora you control gain RES +1, INI +1 and POW/HP +1/+0.
®, Pay 1 LP: Gain 1 ASP.
3: Spread (Target a Flora you control. Create a copy of
it and place it in an unoccupied Slot in the same Lane.)
O: Target Character you control gains Tactical Shift until
the end of the round. (It may move once per round without
turning and using an action.) Use this ability once per round.","'+0
+2",machine,https://bluthelden.com/cdn/shop/files/GR116-Elaria_Windwhisper.png?v=1750754974&width=3200
0ff8b9ee0bf8,Growing Beast,Origin,"Character, Bear",green,L,4,2,1,1,1,1,,,"OПАDІ
Growing Beast gains RES +1, INI +1 and POW/HP +1/+1 for
each other Unbound Character you control in the same
ORI•EN ©ź Bluthelden®",,machine,https://bluthelden.com/cdn/shop/files/growing.png?v=1758620915&width=3200
6e4b640b22a2,Hornets Rage,Origin,Spell,green,F,6,,,,,,5,,"Hornets Rage may attack all zones.
Deal 2 DMG to up to five target Characters.",,machine,https://bluthelden.com/cdn/shop/files/Hornets.png?v=1758620935&width=3200
5e2bfbfdcfd8,Solidarity,Origin,Martial Training,green,N,2,,,,,,,,"Trained Character gains POW/HP +1/+1.
ORI •EN ©2 Bluthelden®",,machine,https://bluthelden.com/cdn/shop/files/solida.png?v=1758620952&width=3200
7c202ab6d014,Tree Token Part 2,Origin,Token,green,T,,,,,,,,,Part 2,,machine,https://bluthelden.com/cdn/shop/files/tree.png?v=1758620971&width=3200
0a443f510b68,"Barabas Ulfaran, Prince of Nachtheim",Origin,Black Sovereign,black,F,,,,,,,,30,"Lord of the Dead - Whenever a nontoken Character you
control dies, create one 2/2 Skeleton Token.
®, Pay 1 LP: Gain 1 ASP.
[Turn], Pay 4 LP: Search your Graveyard for an Undead
Character and place it to target Slot.
Pay 2 LP, Sacrifice two Characters you control:
Destroy target Character. You can use this ability only
once per round.","'+0
+1
+2",machine,https://bluthelden.com/cdn/shop/files/BK117_Barabas_Ulfaran_BLACK_SOVEREIGN.png?v=1749546879&width=3200
05952de3c9a8,"Baal, the Necromancer",Origin,"Epic Character, Undead",black,K,4,2,3,4,4,3,,,"If you control Nascent Necromancer, pay 2 ASP less
to summon Baal, the Necromancer, then Rise Nascent
Necromancer. Place this card on Nascent Necromancer.
Transfer all counters from Nascent Necromancer to it.
Then destroy Nascent Necromancer.)
•: Banish two cards from your Graveyard: Create
one Skeleton Token in target War Zone. (It's a POW/HP
2/2 Character with ""This Character must attack every
round, if able. Sacrifice it at the end of the round.?)",,machine,https://bluthelden.com/cdn/shop/files/BK118_Baal_the_Necromancer_5e4bbcca-5a0b-444a-a349-0c0d2a8cc808.png?v=1749546955&width=3200
c1c6a21bf25a,Banner of Darkness,Origin,Mythic Artifact,black,N,3,,,,,,,,All non-black Characters gain RES -1 and INI -1.,,machine,https://bluthelden.com/cdn/shop/files/Bk119_Banner_of_Darkness_15fda0d5-615b-4aab-bc84-c9070e42bc54.png?v=1749546954&width=3200
919b74f3127f,Barbarian Mercenary,Origin,"Character, Human",black,K,2,1,2,2,3,3,,,Barbarian Mercenary can't block.,,machine,https://bluthelden.com/cdn/shop/files/BK120_Barbarian_Mercenary_1ca615be-f20f-4f0a-a0f1-23622da70680.png?v=1749546956&width=3200
67b580a36b0c,Black Mage,Origin,"Character, Wizard",black,N,3,2,2,2,3,2,,,"Pay 1 LP, ®: Target Character gain RES -1 until the
end of the turn. This effect ignores the target's Magic'
Resistance.",,machine,https://bluthelden.com/cdn/shop/files/BK121_Black_Mage.png?v=1749546886&width=3200
94e5bfd53f7f,Blood,Origin,Spell,black,K,2,,,,,,,,"Choose one: Sacrifice target Character you control, to gain 1 ASP or Bloodrush 1 to target Character you control. (It gains POW/HP +1/+1. Banish it at the end of this round.)",,machine,https://bluthelden.com/cdn/shop/files/BK122_Blood.png?v=1749546887&width=3200
c1ab454e9b80,Blood Chalice,Origin,Artifact,black,N,2,,,,,,5,,"2,[Turn]: Put 1 Poison counter on each of up to two target
Characters. (A poisoned Character takes 1 DMG at the
beginning of each combat phase, starting next round.)",,machine,https://bluthelden.com/cdn/shop/files/BK123_blood_chalice.png?v=1749546883&width=3200
c4b764c986f7,Bloodmonger Maiden,Origin,"Character, Human",black,N,4,2,1,3,3,2,,,"Whenever a Human you control dies, you may pay 2 LP.
If you do, create one 2/2 Barbarian Mercenary Token in
target War Zone. It has ""This Character can't block.""",,machine,https://bluthelden.com/cdn/shop/files/BK124_Bloodmonger_Maiden.png?v=1749546892&width=3200
0d82085169e2,Blood Ritual,Origin,Spell,black,K,2,,,,,,3,,"As an additional cost to summon Blood Ritual, it deals
X DMG to target Character you control, then Blood
Ritual deals X DMG to target Character your opponent
controls. X can't exceed the HP of the Character you",,machine,https://bluthelden.com/cdn/shop/files/BK125_Blood_Ritual.png?v=1749546891&width=3200
5725405ab80e,Blood Rush,Origin,Spell,black,N,3,,,,,,,,"Target Character you control gains Bloodrush 2.
(It gains POW/HP +2/+2. Banish it at the end of this round.)",,machine,https://bluthelden.com/cdn/shop/files/Bk126_Blood_Rush.png?v=1749546890&width=3200
32432757f4c3,Blood Victim,Origin,Spell,black,N,3,,,,,,,,"As an additional cost to summon Blood Victim,
sacritice target Resource. Draw a card.",,machine,https://bluthelden.com/cdn/shop/files/BK127_Blood_Victim.png?v=1749546885&width=3200
e938c47bc748,"Buragaor, Flying Demon",Origin,"Character, Demon",black,L,6,2,6,2,6,5,,,"At the beginning of your turn Buragaor, Flying Demon
deals 1 DMG to another Character you control or to your
Sovereign.",,machine,https://bluthelden.com/cdn/shop/files/BK128_Flying_Demon.png?v=1749546885&width=3200
1b0ed703e111,Dark Rider,Origin,"Character, Undead",black,L,5,2,4,5,5,4,,,"Poisoned (A poisoned Character takes 1 DMG at the
beginning of each combat phase, starting next round.)",,machine,https://bluthelden.com/cdn/shop/files/BK129_Dark_Rider.png?v=1749546888&width=3200
a9284ecc64ca,Dark Sorcerer,Origin,"Character, Wizard",black,N,3,1,2,3,3,3,,,"•: Discard two cards, then draw one card.",,machine,https://bluthelden.com/cdn/shop/files/BK130_Dark_Sorcerer_4b233e8f-35e0-4dc4-bc5f-e30546593fa8.png?v=1749547154&width=3200
405fd7c3f7c2,Demonflame,Origin,"Character, Demon",black,K,2,1,2,2,3,3,,,"iYour screams are but whispers in the void, and your
struggles only fuel my hunger.""",,machine,https://bluthelden.com/cdn/shop/files/BK131_Demonflame.png?v=1749546889&width=3200
19d6deca0f37,Demonic Fire,Origin,Ritual,black,F,7,,,,,,6,,"When Demonic Fire enters play, create one 2/2 Mutant
Demon Token in target War Zone. It has ""2, @: Rise""
Second Round: At the Beginning of your turn choose
another War Zone. Demonic Fire deals 2 DMG to each
Character in that chosen War Zone.
Third Round: At the beginning of your turn repeat
this damaging ability in the same War Zone. Sacrifice
Demonic Fire then.",,machine,https://bluthelden.com/cdn/shop/files/BK132_Demonic_Fire.png?v=1750063312&width=3200
dc4f714c34f5,Demon of the Avatar,Origin,"Character, Demon",black,L,4,2,3,4,5,4,,,"2: Sacrife X Characters you control, deal X DMG to
target Character.",,machine,https://bluthelden.com/cdn/shop/files/BK133_Demon_of_The_Avatar.png?v=1750063313&width=3200
ca942e423d53,Demon Pactmaker,Origin,"Epic Character, Human",black,K,5,2,3,3,4,4,,,"If you control Demon Summoner, pay 2 ASP less to
summon Demon Pactmaker, then Rise Demon Summoner.
(Place this card on Demon Summoner. Transfer all counters
from Demon Summoner to it. Then destroy Demon
Summoner.)
, Banish two Characters from your Graveyard: Create
one 2/2 Mutant Demon Token in target War Zone. It has
""2, [Turn]: Rise.""",,machine,https://bluthelden.com/cdn/shop/files/BK134_Demon_Paktmaker.png?v=1750063314&width=3200
9f777da6bd74,Demon Summoner,Origin,"Character, Human",black,K,3,1,3,2,3,3,,,"If you control a LVL 2 Resource, ,: Rise (Search your
Spell Deck for a card named Demon Pactmaker and place it
on this slot. Transfer all counters from Demon Summoner
to it. Then destroy Demon Summoner.)",,machine,https://bluthelden.com/cdn/shop/files/BK135_Demon_Summoner.png?v=1750063310&width=3200
e42be2632537,Devotion,Origin,Spell,black,N,3,,,,,,,,"Discard X cards from your hand. Search your Spell Deck
for a card with cost X or less and add it to your hand.
Then shuffle your Spell Deck.",,machine,https://bluthelden.com/cdn/shop/files/BK136_Devotion.png?v=1750063311&width=3200
76f9be20e8ee,Exodus,Origin,Spell,black,N,3,,,,,,4,,Destroy target Character.,,machine,https://bluthelden.com/cdn/shop/files/BK137_Exodus.png?v=1750754268&width=3200
a29f9930b668,Fraud,Origin,Spell,black,L,5,,,,,,,,"Target opponent gains 2 LP and you lose 2 LP. Then
search opponent's Graveyard for a Character and place
it in target War Zone with Bloodrush 2. (It gains POW/
HP +2/+2. Banish it at the end of this round.)",,machine,https://bluthelden.com/cdn/shop/files/BK138_Fraud.png?v=1750754300&width=3200
2b8d1fd6720b,"Half Alive, Half Dead",Origin,Spell,black,K,3,,,,,,,,"Search your Graveyard for an Undead Character
and place it in target War Zone.",,machine,https://bluthelden.com/cdn/shop/files/BK139_Half_alive_Half_dead.png?v=1750754303&width=3200
5b8bdb6e970f,Knight of Dread,Origin,"Character, Human",black,N,4,2,4,4,4,4,,,"Knight of Dread can only be blocked by Characters with
3 or more POW.",,machine,https://bluthelden.com/cdn/shop/files/BK140_Knight_of_Dread.png?v=1750754270&width=3200
17e9cc9042be,"Master Thief, Varic",Origin,"Epic Character, Human",black,N,5,2,2,3,3,4,,,"2, [Turn]: Gain control of target Training or Artifact. Your
opponent creates one 2/2 Mutant Demon Token in a
War Zone of their choice. It has ""Q, [Turn]: Rise"".",,machine,https://bluthelden.com/cdn/shop/files/BK141_Master_Thief_Varic.png?v=1750754294&width=3200
67765bdf5c4f,Morning Star,Origin,"Character, Assassin",black,N,3,1,4,2,3,2,,,"•: Ranged Combat (It deals DMG equal to its Power to
target Character in a War Zone in the same Lane. Activate
only as combat action and only if this card is in the Back Row.)
When it deals DMG to target, put 1 Poison Counter on
the target. (A poisoned Character takes 1 DMG at the
beginning of each combat phase, starting next round.)",,machine,https://bluthelden.com/cdn/shop/files/BK142_Morning_Star.png?v=1750754305&width=3200
81b5fc9a7c85,"Murderous Assassin, Valara Ulfaran",Origin,"Epic Character, Human",black,N,4,2,3,5,4,3,,,"Targeted Strike (You may attack target Character
directly.)",,machine,https://bluthelden.com/cdn/shop/files/BK143_Valara_Ulfran_Murderous_Assassin.png?v=1750754293&width=3200
3606c47a467a,Nascent Necromancer,Origin,"Character, Human",black,K,2,1,2,2,3,2,,,"If you control a LVL 2 Resource, 2, [Turn]: Rise (Search your
Spell Deck for a card named Baal, the Necromancer and
place it on this slot. Transfer all counters from Nascent
Necromancer to it. Then destroy Nascent Necromancer.)",,machine,https://bluthelden.com/cdn/shop/files/BK144_Nascent_Necromancer.png?v=1750754303&width=3200
edf74e8feff0,No Reliance,Origin,Artifact,black,N,3,,,,,,5,,"1, [Turn], Sacrifice one Character you control:
Destroy target Character. Then banish No Reliance.",,machine,https://bluthelden.com/cdn/shop/files/BK145_No_reliance.png?v=1750754297&width=3200
7e5307118daf,Outcast from Falkenheim,Origin,"Character, Human",black,N,4,1,3,4,3,3,,,"Poisoned (A poisoned Character takes 1 DMG at the
beginning of each combat phase, starting next round.)",,machine,https://bluthelden.com/cdn/shop/files/BK146_Outcast_from_Falkenheim.png?v=1750754291&width=3200
7949f249a2c8,Poisoned Blood,Origin,Spell,black,K,3,,,,,,4,,"Poisoned Blood deals 1 DMG to target Character, then put 1
Poison counter on it. (A poisoned Character takes 1 DMG at
the beginning of each combat phase, starting next round.)",,machine,https://bluthelden.com/cdn/shop/files/BK147_Poisoned_Blood.png?v=1750754300&width=3200
667dfd082c45,"Raymond, Harbinger of Cunning",Origin,"Epic Character, Human",black,F,5,2,4,4,5,4,,,"Whenever a nontoken Undead Character enters play,
draw one card, then discard a card",,machine,https://bluthelden.com/cdn/shop/files/BK148_Raymond_Harbinger_of_Cunning.png?v=1750754299&width=3200
a95f22a65ac0,Revival,Origin,Spell,black,K,2,,,,,,,,"Search your Graveyard for an Undead Character and add it
into your hand.",,machine,https://bluthelden.com/cdn/shop/files/BK149_Revival.png?v=1750754294&width=3200
3fbb369b0b3d,Ring of Might,Origin,Artifact,black,F,2,,,,,,,,"D: Gain 1 ASP.
O: Create one Blood Trinket Token. It has®, Sacrifice
this Artifact: Gain O ASP.""",,machine,https://bluthelden.com/cdn/shop/files/BK150_Ring_Of_Might.png?v=1750754301&width=3200
060880ca0fac,Sacrifice,Origin,Spell,black,K,4,,,,,,,,Target opponent sacrifices a Character.,,machine,https://bluthelden.com/cdn/shop/files/BK151_Sacrifice.png?v=1750754296&width=3200
8595a7eba8be,Sell-Sword,Origin,"Character, Human",black,K,3,1,3,3,3,3,,,"Punch (If this Character deals DMG to another Character
that exceeds its HP, the excess DMG is dealt to the opponent's
Sovereign.)
If Sell-Sword survives combat, roll a D6:
On a 1-2: It changes sides. Your opponent may place
it unturned to an unoccupied Slot in the same Lane.
Sacrifice it at the end of the next round.",,machine,https://bluthelden.com/cdn/shop/files/BK152_Sell-Sword.png?v=1750754297&width=3200
3bcb96637a4b,Skeleton Warrior,Origin,"Character,Undead",black,K,2,1,2,2,1,1,,,"This Character must attack every round, if able.",,machine,https://bluthelden.com/cdn/shop/files/BK153_Skeleton.png?v=1750754274&width=3200
71bad37ab4ab,Slave of the Abyss,Origin,"Character, Human",black,K,2,1,1,1,1,2,,,"As Slave of the Abyss enters play or is turned tace up,
it immediately explodes, dealing 1 DMG to all Characters
your opponent controls and to itselt in the same War Zone.
Hideout - You may play this card face down in one
of your opponent's War Zones for 2. Other cards
can still be played in that zone as usual. Turn it face
up at any time for 2 or if your opponent summons a
Character on this card.",,machine,https://bluthelden.com/cdn/shop/files/BK154_Slave_of_the_Abyss.png?v=1750754275&width=3200
886cfb7e623d,Storm of Violence,Origin,Martial Training,black,N,3,,,,,,,,"You may only train a Legendary, Fabulous, or Epic Character. The trained Character gains POW/HP +1/+0.
Whenever it destroys another Character, put the top card
of your Spell Deck into your Graveyard.",,machine,https://bluthelden.com/cdn/shop/files/BK155_Storm_of_Violence.png?v=1750754273&width=3200
aad01215d642,Two-Headed Demon,Origin,"Character, Demon",black,K,5,2,2,2,3,6,,,"If you control Mutant Demon Token, pay 2 ASP less to
summon Two-Headed Demon, then Rise Mutant Demon
Token. (Place this card on Mutant Demon Token. Transfer
all counters from Mutant Demon Token to it. Then destroy
Mutant Demon Token.)
This Character comes into play with Bloodrush 4. (It gains
POW/HP +4/+4. Banish it at the end of this round.)",,machine,https://bluthelden.com/cdn/shop/files/BK157_Two_Headed_Demon.png?v=1750754270&width=3200
736e354e5c73,Undead Priest,Origin,"Character, Undead",black,K,3,2,3,2,4,3,,,"Poison - Whenever Undead Priest deals DMG to
another Character, put a Poison counter on that
Character. (A poisoned Character takes 1 DMG at the
beginning ofeach combat phase, starting next round.)",,machine,https://bluthelden.com/cdn/shop/files/BK158_Undead_Priest.png?v=1750754306&width=3200
80f0afd17799,Vampire Soldier,Origin,"Character, Undead",black,N,4,2,3,4,4,3,,,"Poison - Whenever Vampire Soldier deals DMG to
another Character, put a Poison counter on that Character.
(A poisoned Character takes 1 DMG at the beginning of each
combat phase, starting next round.)",,machine,https://bluthelden.com/cdn/shop/files/BK159_Vampire_Soldier.png?v=1750754272&width=3200
62dc57093720,Visitation of the Plague,Origin,Spell,black,N,5,,,,,,4,,"Choose up to two War Zones. Deal 2 DMG to each
Character in the first chosen War Zone. If you chose a
second War Zone, deal 1 DMG to each Character there.",,machine,https://bluthelden.com/cdn/shop/files/BK160_Visitation_of_The_PLague.png?v=1750754282&width=3200
e99d10b4c63c,Xalgiris Staff of Darkness,Origin,Mythic Artifact,black,N,4,,,,,,,,"Summoning a Demon card or creating a Demon
costs 1 less.",,machine,https://bluthelden.com/cdn/shop/files/BK161_Xalgiris_Staff_Of_Darkness.png?v=1750754281&width=3200
f16ddfd90267,Zombie Warrior,Origin,"Character, Undead",black,K,2,1,2,2,2,1,,,"""Once a warrior, now just hunger.""",,machine,https://bluthelden.com/cdn/shop/files/BK162_Zombie_Warrior.png?v=1750754280&width=3200
937feff9ef16,Archdemon Kangor,Origin,"Mythic Character, Demon Advisor",black,L,5,,,,5,,,,"Advisor (You have to place this card in the Advisor Slot. It is
still a Character that can be the target of spells or abilities.)
•, Sacrifice another target Character: Create one Blood
Trinket Token.
Whenever a Character your opponent controls dies, you
may pay 2, ®. If you do create one 2/2 Mutant Demon
Token in target War Zone. It has ""2, [Turn]: Rise"".",,machine,https://bluthelden.com/cdn/shop/files/BK163_Archdemon_Kangor.png?v=1750754281&width=3200
b4e0818d50d6,Demon Brood,Origin,"Character, Demon",black,K,3,1,3,1,4,2,,,"[Turn]: Gain 1 ASP, as long as this Character remains Bound.
2, C, Sacritice one Bound Character, sacritice
Demon Brood: Search your Spell Deck or Pool Deck for a
card and add it into your hand. Then shuffle your Decks.",,machine,https://bluthelden.com/cdn/shop/files/BK164_Demon_Brood.png?v=1750754279&width=3200
e13eaaba4aa6,Blood Priest,Origin,"Character, Undead",black,K,2,1,2,2,2,2,,,"O: Gain O ASP, as long as this Character remains
O: Create one Blood Trinket Token. It has Q, Sacrifice
this Artifact: Gain O ASP.""",,machine,https://bluthelden.com/cdn/shop/files/BK165_Blood_Priest.png?v=1750754278&width=3200
58811e24cbdf,Burial Chamber,Origin,Resource,black,K,,2,,,,,,,"When Burial Chamber enters play, create one 2/2 Skeleton
Token. It has 'This Character must attack every round,
if able. Sacrifice it at the end of the roundi
®: Gain O ASP
•: Sacrifice one Character you control: Create one 2/2
Skeleton Token. It has 'This Character must attack every
round, if able. Sacrifice it at the end of the round.""",,machine,https://bluthelden.com/cdn/shop/files/BK166_Burial_Chamber.png?v=1750754276&width=3200
eeda1652be0d,Poison Cellar,Origin,Resource,black,L,,2,,,,,,,"Poison Cellar enters play with 3 Cellar counters.
O: Gain 1 ASP.
1, Remove 1 Cellar counter: Put 1 Poison counter on
target Character. (A poisoned Character takes 1 DMG at
the beginning of each combat phase, starting next round.)",,machine,https://bluthelden.com/cdn/shop/files/BK167_Poison_Cellar.png?v=1750754291&width=3200
2f56ce5b8c11,Ritual Place,Origin,Resource,black,L,,2,,,,,,,"®: Gain 1 ASP. Gain 2 ASP instead, if you control at
least three Resources with different names.
•: Create one Blood Trinket Token. It has®, Sacrifice
this Artifact: Gain OASP.)",,machine,https://bluthelden.com/cdn/shop/files/BK168_Ritual_Place.png?v=1750754289&width=3200
4fd96563d00f,Harmful Demon,Origin,"Character, Demon",black,K,1,1,3,2,2,2,,,"When Harmful Demon comes into play, you lose 1 LP.
®: Gain 1 ASP, as long as this Character remains Bound.",,machine,https://bluthelden.com/cdn/shop/files/BK169_Harmful_Demon.png?v=1750754288&width=3200
49d2118d9834,Xalgiris Tower,Origin,Epic Resource,black,L,,2,,,,,,,"At the beginning of your turn, roll a D6:
On a 1-3: Xalgiris Tower deals 1 DMG to all Characters you
control in its Lane.
On a 4-6: All Characters you control in its Lane may move
to the Combat Lone, without turning and using an action.
They gain Bloodrush 3. (They gain POW/HP +3/+3 until
the end of this round. Banish them at the end of this round)
®: Gain 1 ASP.",,machine,https://bluthelden.com/cdn/shop/files/BK170_Xalgiris_Tower.png?v=1750754287&width=3200
67529f84897b,Barbarian Mercenary Token,Origin,"Token Character, Human",black,T,,,2,2,3,3,,,"СВ122
Barbarian Mercenary Token can't block.",,machine,https://bluthelden.com/cdn/shop/files/BK-TK-171_Barbarian-Mercenary-Token.png?v=1750754286&width=3200
65c49f2f6a0d,Blood Trinket (Token),Origin,Token Artifact,black,T,,,,,,,,,"®, Sacrifice this Artifact: Gain O ASP.",,machine,https://bluthelden.com/cdn/shop/files/BK-TK-172_Blood_Trinket.png?v=1750754284&width=3200
2f27c4c91fed,Mutant Demon Token,Origin,"Token Character, Demon",black,T,,,4,2,3,2,,,"If you control a LVL 2 Resource, 2, O: Rise (Search your
Spell Deck for a card named Two-Headed Demon and
place it on this slot. Transfer all counters from Mutant
Demon Token to it. Then destroy Mutant Demon",,machine,https://bluthelden.com/cdn/shop/files/BK-TK-173_Mutant-Demon-Token.png?v=1750754284&width=3200
e5724745b956,Skeleton Token,Origin,"Token Character, Undead",black,T,,,2,2,1,2,,,"Skeleton Token must attack every round, if able.
Sacrifice it at the end of the round.",,machine,https://bluthelden.com/cdn/shop/files/BK-TK-174_Skeleton-Token.png?v=1750754285&width=3200
fe9281027597,"Vorathis, Demonlord General",Origin,Black Sovereign,black,F,,,,,,,,30,"Whenever you gain ASP from a source with
Bloodmage, instead of spending it immediately, you
may create one Blood Trinket Token.
Bloodmage
•, Pay 1 LP: Gain O ASP.
•, Pay 5 LP: Summon a Demon card from your hand.",'+2,machine,https://bluthelden.com/cdn/shop/files/BK175-Vorathis_Demonlord_General.png?v=1750754277&width=3200
95cf3ee93471,Ascendant Darklord,Origin,"Character, Undead",black,F,5,,3,5,5,3,,,"Whenever this Character destroys another Character,
put a Level counter on it.
Once it has 3 Level counters, you may Rise it for O
(Search your Spell Deck for a card named Kalakai, Undead
Emissary and place it on this slot. Transfer all counters
from Ascendant Darklord to it. Then destroy Ascendant
Darklord.)",,machine,https://bluthelden.com/cdn/shop/files/ascendant.png?v=1758621188&width=3200
026046c8cba1,Dark Infiltration,Origin,Sovereign Training,black,F,,,,,,,,,"Attach this Training to your Sovereign.
Pay 2 LP, ® your Sovereign: Choose up to 3 target
Characters in target Safety Zone your opponent
controls. Put 1 Poison counter on each chosen
Character. (Each poisoned Character takes 1 DMG at the
beginning of each combat phase, starting next rouna.)
Sacrifice this Training at the end of this round.
ORI•EN 02 Bluthelden®",,machine,https://bluthelden.com/cdn/shop/files/dark_inf.png?v=1758621268&width=3200
b1bf248ba944,"Kalakai, Undead Emissary",Origin,"Mythic Character, Undead Advisor",black,F,6,,,,6,,,,"If you control Ascendant Darklord, pay 2 ASP less
to summon Kalakai, Undead Emissary, then Rise
Ascendant Darklord. When this card is Risen or comes
into play, you must place it in the Advisor Slot. If there
is already an Advisor, it dies and is replaced by this card.
Pay 2 LP and sacrifice another Character you control:
Target Character loses 2 HP and is Zombified until
the end of next round. If the Character dies while being
Zombified, it becomes a 1/2 Zombie Token under your
ORI•EN 02 Bluthelden® Art: Amar Sekarwangi",,machine,https://bluthelden.com/cdn/shop/files/kalaki.png?v=1758621211&width=3200
54b16b340768,Merciless Warrior,Origin,"Character, Undead",black,L,5,2,4,3,5,4,,,"Untargetable (It can't be targeted by spells or abilities
your opponent controls.)",,machine,https://bluthelden.com/cdn/shop/files/merciless_warrior.png?v=1759310052&width=3200
33bb522fa82f,"Nekravar, Advisor of the Damned",Origin,"Mythic Character, Undead Advisor",black,F,5,2,,,5,,,,"Advisor (You have to place this card in the Advisor slot. It is
still a Character that can be the target of spells or abilities.)
3, Q, Sacrifice another Character you control: Summon
target Character from your graveyard without paying its
ASP cost, It gains Bloodrush 2. (It has POW/HP +2/+2 until
the end of this round. Banish it at the end of this round.)",,machine,https://bluthelden.com/cdn/shop/files/Nekravar.jpg?v=1788691615&width=3200
540714eca9d2,Prison,Origin,Fundamental Training,black,N,4,1,,,,,5,,"Intiltrate - When Prison enters play, train target
Character an opponent controls in it's satety zone.
That character loses all abilities (it has no rules text) and
its base INI, RES, and PW become O. Its HP remains
unchanged.",,machine,https://bluthelden.com/cdn/shop/files/prison.png?v=1758621244&width=3200
56cd5aa44acb,Zombie Token,Origin,"Token Character, Undead",black,T,,,1,2,1,1,,,"CONtOz
""Still dead. Still dangerous.""
T BKTK-03a ORI-EN ©2 Bluthelden® Art Amar Sekarwangı",,machine,https://bluthelden.com/cdn/shop/files/zombie_token.png?v=1759310147&width=3200
bed8b1e3fa7a,"Kaela al Shamal, Shaman King",Origin,Orange Sovereign,orange,F,,,,,,,,30,", Pay 1LP : Gain 1 ASP,
, Pay 2 LP: Create one Shadow Token in target War
1: Once per round, when you create the fourth
Shadow Token in any Lane, you may create one 1/2
Ghost Token.",'+2,machine,https://bluthelden.com/cdn/shop/files/OR176_Kaela_Al_Shamal_Orange_Sovereign.png?v=1749547259&width=3200
ce9ee0765699,Amulet of Ghosts,Origin,Artifact,orange,N,3,,,,,,,,"OT pEECLOу
Whenever a Spirit dies, put one Time counter on
Amulet of Ghosts.
3, Sacritice 4 Time counters: Create a Copy of target
Spirit you control.",,machine,https://bluthelden.com/cdn/shop/files/OR177_Amulett_of_Ghosts.png?v=1749547260&width=3200
4957f7df2018,Avatar of Control,Origin,"Character, Spirit",orange,F,5,2,4,6,5,5,,,"If you control two other Spirits in the same Lane, Avatar
of Control gains Spectral Ward. (Characters with Spectral
Ward can only be targeted by Spells and can only be damaged
by Spells and Magical Items. Magical Items include Artifacts,
Rituals, and Trained Characters.)",,machine,https://bluthelden.com/cdn/shop/files/OR178_Avatar_of_Control.png?v=1749547260&width=3200
e89de24584da,Bloodline Scion,Origin,Fundamental Training,orange,K,3,,,,,,,,"If Trained Character dies or is banished, create a copy of it
and place it in this Slot.",,machine,https://bluthelden.com/cdn/shop/files/OR179_Bloodline_Scion.png?v=1749547262&width=3200
f38ce3cc7866,Bowpiper,Origin,"Character, Converter",orange,N,3,1,0,1,2,4,,,"•: Ranged Combat (It deals DMG equal to its Power
to target Character in a War Zone within the same Lane.
Activate only as combat action and only if this card is in the
Back Row.)
Paralyze - When this card uses Ranged Combat, roll a
D6 for each Character in the affected War Zone.
On a 1-3, turn that Character. It remains turned until
the end of the next round.",,machine,https://bluthelden.com/cdn/shop/files/OR180_Bowpiper.png?v=1749547263&width=3200
90993b867fda,"Chaska, Forefather of Kaela",Origin,"Epic Character, Spirit",orange,L,5,2,4,4,5,5,,,"Spectral Ward (Characters with Spectral Ward can only
be targeted by Spells and can only be damaged by Spells and
Magical Items. Magical Items include Artifacts, Rituals,
and Trained Characters.)
Whenever Chaska, Forefather of Kaela attacks, deal
1DMG to target Character in the same Lane.",,machine,https://bluthelden.com/cdn/shop/files/OR181_Chaska_Forefather_of_Kaela.png?v=1749547263&width=3200
6fe5605af54f,Chaska’s Flag of the Ghosts,Origin,Mythic Artifact,orange,L,3,,,,,,,,"In every War Zone in which you control a Shadow
Token, non-Spirit Characters gain RES -1, INI-1 and
POW/HP -1/-1.",,machine,https://bluthelden.com/cdn/shop/files/OR182_Chaskas_Flag_of_The_Spirits.png?v=1750063413&width=3200
952e6b9a23d6,Cocoon,Origin,Artifact,orange,L,3,,,,,,,,®: Create one 1/1 Spectral Moth Token with Flying.,,machine,https://bluthelden.com/cdn/shop/files/OR183_Cocoon.png?v=1750063414&width=3200
3cd2a8639d1e,Cocoon Lover,Origin,"Character, Human",orange,K,2,1,4,1,2,2,,,"When Cocoon Lover enters play, create one 1/1
Spectral Moth Token with Flying.",,machine,https://bluthelden.com/cdn/shop/files/OR184_Cocoon_Lover.png?v=1750063414&width=3200
312c86deea09,Cursed Command,Origin,Artifact,orange,N,3,,,,,,,,"spela & curses
Cursed Command enters play with 2 Curse counters.
•, Remove a Curse counter: Change the target of a
spell or activated ability an opponent controls with a
single target. (You may not change to an illegal target.)
If Cursed Command has no counters on it, sacrifice it.",,machine,https://bluthelden.com/cdn/shop/files/OR185_Cursed_Command.png?v=1750063416&width=3200
043bfa0c36c2,Dance of Illusion,Origin,Spell,orange,K,3,,,,,,4,,"Choose a War Zone. Roll a D6 for each Character in this
War Zone:
On a1, 3 or 5: The Character gains RES+1, INI +1 and
POW/HP +1/+0 until the end of the round.
On a 2, 4 or 6: If the Character isn't turned, turn it.
It doesn't unturn at the beginning of the next round.",,machine,https://bluthelden.com/cdn/shop/files/OR186_Dance_Of_Illusion.png?v=1750063416&width=3200
c41471d03c95,Drums of the Jungle,Origin,Fundamental Training,orange,K,2,,,,,,4,,"Trained Character has Madness. (At the end of each round,
a Character with Madness takes 1 DMG.)",,machine,https://bluthelden.com/cdn/shop/files/OR187_Drums_of_the_Jungle.png?v=1750063417&width=3200
e156e73a15e6,Ethereal Enchantment,Origin,Martial Training,orange,K,3,,,,,,,,"Train target Moth. It gains RES +1, INI +1 and POW/HP +1/+1.",,machine,https://bluthelden.com/cdn/shop/files/OR188_Ethereal_Enchantment.png?v=1750754521&width=3200
01f54e532a45,Ghost,Origin,"Character, Spirit",orange,K,2,1,4,2,2,2,,,"""Whispers linger where footsteps have vanished.""",,machine,https://bluthelden.com/cdn/shop/files/OR189_Ghost.png?v=1750754522&width=3200
0a16cf513a15,Ghostly Apparition,Origin,Spell,orange,N,2,,,,,,4,,"Choose a War Zone and roll a D6:
On a 1-4: You may move a Character your opponent
controls at random (roll a dice). If it is turned, unturn it.
If it can't be moved (if there is no empty slot), turn it.
It doesn't unturn at the beginning of the next round.
On a 5-6: Ghostly Apparition deals 1 DMG to every
Character your opponent controls in the Lane.",,machine,https://bluthelden.com/cdn/shop/files/OR190_Ghostly_Apparition.png?v=1750754522&width=3200
cb96fccd4c3d,Ghost Mist,Origin,Spell,orange,L,5,,,,,,,,Create up to one Shadow Token in each Lane.,,machine,https://bluthelden.com/cdn/shop/files/OR191_GHost_Mist.png?v=1750754522&width=3200
c6b40d39e360,Ghost of the Alchemist,Origin,"Character, Spirit",orange,N,3,1,2,2,3,3,,,"When Ghost of the Alchimist enters play, target Character
gains 1 RES -1 counter. This effect ignores the target's Magic
Resistance.",,machine,https://bluthelden.com/cdn/shop/files/OR192_Ghost_of_The_Alchemist.png?v=1750754524&width=3200
c838e0dd9358,God of Ghosts,Origin,"Epic Character, Spirit",orange,L,5,2,3,3,5,5,,,"Spectral Ward (Characters with Spectral Ward can only
be targeted by Spells and can only be damaged by Spells and
Magical Items. Magical Items include Artifacts, Rituals,
and Trained Characters.)
Whenever another Spirit enters play, put 1 POW/HP +1/+1
Counter on God of Ghosts.",,machine,https://bluthelden.com/cdn/shop/files/OR193_God_of_Ghosts.png?v=1750754525&width=3200
7db045cfe0b0,Herbal Decoction,Origin,Spell,orange,K,3,,,,,,3,,"Until the end of this round target Character loses all
abilities (it hasno rules text) and its base, RES, INl and
PW become O. Its HP remains unchanged.",,machine,https://bluthelden.com/cdn/shop/files/OR194_Herbal_Decoration.png?v=1750754525&width=3200
7f3544c394ef,Mask of Illusion,Origin,Fundamental Training,orange,K,2,,,,,,4,,"Train target Character.
At the beginning of the combat phase roll a D6 for
every other Character your opponent controls in the
same War Zone:
On a 1,3 or 5: That Character destroys Mask of Illusion.
On a 2, 4 or 6: That Character attacks the trained
Character (without damaging it) and becomes turned.",,machine,https://bluthelden.com/cdn/shop/files/OR195_Mask_of_Illusions.png?v=1750754527&width=3200
ae58645f146a,Medium,Origin,"Character, Human",orange,K,2,1,0,3,4,3,,,"•: Create one Shadow Token.
, 3, Sacrifice three Shadow Tokens: Deal 2 DMG to
target Sovereign.",,machine,https://bluthelden.com/cdn/shop/files/OR196_Medium_f8429328-bd2a-4236-96e1-1201264ccbed.png?v=1750754527&width=3200
1624b327873a,Minor Illusion,Origin,Spell,orange,N,2,,,,,,4,,"Gain control of target Bound Character until the end of
this round. If it is turned, unturn it. Move it to an adjacent
Zone and turn it. If it can't be moved (if there is no empty
slot), turn it. It doesn't unturn at the beginning of the
next round.",,machine,https://bluthelden.com/cdn/shop/files/OR197_Minor_Illusion.png?v=1750754528&width=3200
6830b6c6d13b,Mirrorof the Past,Origin,Artifact,orange,N,4,,,,,,,,"[Turn], Sacrifice three Spectral Moth Tokens: Change
the target of a spell or activated ability an opponent
controls with a single target. (You may not change to an
illegal target.)",,machine,https://bluthelden.com/cdn/shop/files/OR198_Mirror_of_The_PAst.png?v=1750754529&width=3200
bd0b062c5404,"Mistheart, the Ghost Shaman",Origin,"Epic Character, Spirit",orange,N,5,2,1,2,5,3,,,"If you control Tribal Shaman pay 2 ASP less to summon
Mistheart, the Ghost Shaman, then Rise Tribal Shaman.
(Place this card on Tribal Shaman. Transfer all countersfrom
Tribal Shaman to it. Then destroy Tribal Shaman.)
1, Sacrifice two Shadow Tokens: Create a Fundemantal
Training Token called Mistheart's Punishment withThis
Character doesn't unturn anymoret and attach it to target
Character in the same Lane.",,machine,https://bluthelden.com/cdn/shop/files/OR199_Mistheart_The_Ghost_Shaman_e4f4ac6d-8635-441c-97b0-85d2f5521585.png?v=1750839436&width=3200
eb8c29c13b61,Moth Conjurer,Origin,"Character, Moth",orange,K,3,1,1,2,3,3,,,2: Create one 1/1 Spectral Moth Token with Flying.,,machine,https://bluthelden.com/cdn/shop/files/OR200_Moth_COnjurer.png?v=1750754531&width=3200
fdbb1ca4f1a6,Mother of the Spectral Moth Swarm,Origin,"Character, Moth",orange,N,3,2,2,2,2,3,,,"Surge (You may play this card at any time.)
When Mother of the Spectral Moth Swarm enters play,
target spell, or activated ability loses its rule text.",,machine,https://bluthelden.com/cdn/shop/files/OR201_mother_of_the_Spectral_moth_swarm.png?v=1750754532&width=3200
1495d0f85b7d,Offspring,Origin,Spell,orange,N,3,,,,,,4,,"Banish target Character.
At the beginning of the next round, return it to an
unoccupied Slot under its owner's control. Put 1 RES +1
counter and 1 POW/HP +1/+1 counter on it.",,machine,https://bluthelden.com/cdn/shop/files/OR202_Offspring.png?v=1750754533&width=3200
da098d4a667d,Oblation,Origin,Spell,orange,N,4,,,,,,,,Your opponent sacrifices a Character of their choice.,,machine,https://bluthelden.com/cdn/shop/files/OR203_Oblation.png?v=1750754535&width=3200
968e9c9b9340,Palisades Wall,Origin,"Character, Barrier",orange,K,2,1,0,6,5,1,,,"Barrier (Deploy this card in your War Zone if you control no
other Barrier there. It doesn't occupy a War Slot. Barriers
can only block as long asyou control no other Characters in
this War Zone.)
Once per round, whenever Palisades Wall takes combat
DMG, create one Shadow Token in the same Lane.",,machine,https://bluthelden.com/cdn/shop/files/OR204_Palisades_wall.png?v=1750754537&width=3200
3a77d05e439e,Pipe of Peace,Origin,Fundamental Training,orange,N,3,,,,,,3,,Trained Character can't attack anymore.,,machine,https://bluthelden.com/cdn/shop/files/OR205_pipe_of_Peace.png?v=1750754535&width=3200
86e5f7493528,Purple Smoke,Origin,Spell,orange,K,3,,,,,,,,"Put 1 Madness counter on up to two target Characters.
(At the end of each round, a Character with Madness takes",,machine,https://bluthelden.com/cdn/shop/files/OR206_Purple_Smoke.png?v=1750754537&width=3200
b16f2cef8494,Ring of Ghosts,Origin,Mythic Artifact,orange,F,2,,,,,,,,"®: Gain 1 ASP.
Once per Lane each round, when a Shadow Token
enters play, you may choose a Character an opponent
controls in that Lane. That Character gains Fear. (Roll a
D6 . If the result is equal to or higher than that Character's
RES, turn it. It remains turned until the end of the next
Art: María Trigueros",,machine,https://bluthelden.com/cdn/shop/files/ring_of_ghosts.png?v=1759499369&width=3200
121e923571ce,Shadow Caster,Origin,"Character, Human",orange,K,3,1,1,2,4,3,,,"2, Q: Create one Shadow Token to target Slot.",,machine,https://bluthelden.com/cdn/shop/files/OR208_Shadow_Caster.png?v=1750754539&width=3200
08d6aab91314,Small Ghost,Origin,"Character, Spirit",orange,N,2,1,1,2,3,3,,,,,machine,https://bluthelden.com/cdn/shop/files/OR209_Small_Ghost.png?v=1750754539&width=3200
eedf4fa414f4,Snake Charmer,Origin,"Character, Human",orange,K,2,1,2,4,3,3,,,"When Snake Charmer blocks or is blocked by another
Character, roll a D6:
On a 1,3 or 5: Put1 Poison counter on Snake Charmer.
(A poisoned Character takes 1 DMG at the beginning of each
combat phase, starting next round.)
On a 2, 4 or 6: The other Character retreats before taking
DMG. If it cannot be moved (if there is no empty slot), it
takes the combat DMG. Then turn it. It doesn't unturn
at the beginning of the next round.",,machine,https://bluthelden.com/cdn/shop/files/OR210_Snake_Charmer.png?v=1750754541&width=3200
a418fa031fd5,Snake Trap,Origin,"Character, Barrier",orange,K,3,1,1,6,4,1,,,"Barrier (Deploy this card in your War Zone if you control no
other Barrier there. It does not occupy a War Slot. Barriers
can only block as long as you control no other Characters in
this War Zone.)",,machine,https://bluthelden.com/cdn/shop/files/OR211_Snake_Trap.png?v=1750754542&width=3200
d653b0a90cce,Soul of Confusion,Origin,"Character, Human",orange,N,3,1,3,6,3,4,,,"Madness (At the end of each round, a Character with
Madness takes 1 DMG.)
: Sacrifice three Moth Tokens: Deal 1 DMG to target
Character.",,machine,https://bluthelden.com/cdn/shop/files/OR212_Soul_of_confusion.png?v=1750754543&width=3200
fe5594f8b521,Spectral Bolt,Origin,Spell,orange,K,3,,,,,,,,Create three 1/1 Spectral Moth Tokens with Flying.,,machine,https://bluthelden.com/cdn/shop/files/OR213_Spectral_Bolt.png?v=1750754545&width=3200
2ca81c284949,Spirit Wolf,Origin,"Character, Spirit",orange,K,3,1,3,2,3,3,,,"Spectral Ward (Characters with Spectral Ward can only
be targeted by Spells and can only be damaged by Spells and
Magical Items. Magical Items include Artifacts, Rituals,
and Trained Characters.)",,machine,https://bluthelden.com/cdn/shop/files/OR214_Spirit_Wolf.png?v=1750754544&width=3200
9843dc84cfaf,The Invisible Ones,Origin,"Character, Spirit",orange,N,4,2,3,3,4,3,,,"Spectral Ward (Characters with Spectral Ward can only
be targeted by Spells and can only be damaged by Spells and
Magical Items. Magical Items include Artifacts, Rituals,
and Trained Characters.)",,machine,https://bluthelden.com/cdn/shop/files/OR215_The_Invisible_ones.png?v=1750754547&width=3200
ed554508ec2c,Tribal Shaman,Origin,"Character, Human",orange,N,3,1,4,2,4,3,,,"If you control a LVL 2 Resource, 2, ®: Rise (Search
your Spell Deck for a Card Mistheart, the Ghost Shaman
and place it on this Slot. Transfer all counters from Tribal
Shaman to it. Then destroy Tribal Shaman.)",,machine,https://bluthelden.com/cdn/shop/files/OR216_Tribal_Shaman.png?v=1750754547&width=3200
4ea5d750264c,Tribal Witch,Origin,"Character, Human",orange,K,3,1,4,4,4,2,,,"2, Sacrifice one Moth or one Shadow: Create one 1/2
Ghost Token.",,machine,https://bluthelden.com/cdn/shop/files/OR217_Tribal_witch.png?v=1750754548&width=3200
75d05322f927,Wondrous Proliferation,Origin,Spell,orange,N,4,,,,,,,,"If possible double the number of Spectral Moth Tokens
you control and put them in the same Lane, as the
excisting ones.",,machine,https://bluthelden.com/cdn/shop/files/OR218_Wonderous_Proliferation.png?v=1750754549&width=3200
688dcbaa3d2b,Zayas Ritual,Origin,Ritual,orange,N,4,,,,,,,,"When Zayas Ritual enters play, create two 1/1 Spectral
Moth Tokens with Flying.
[Turn], Sacrifice three Spetral Moth Tokens: Replace one
function of target spell or an activated ability your
opponent controls. If it:
Deals DMG → Regenerate HP
Gain stats <→ Lose stats
Lose Life > Gain Life
Sacrifice Zayas Ritual then.",,machine,https://bluthelden.com/cdn/shop/files/OR219_Zayas_Ritual_33a27ff5-8c39-4b74-8f79-67666f3da84b.png?v=1750754550&width=3200
8e5e2aa69897,"Zaya, Blood Moon Oracle",Origin,"Epic Character, Human",orange,K,3,2,4,4,4,3,,,"Whenever you create a Spectral Moth Token in this Lane
create one additional Spectral Moth Token in the same Lane.",,machine,https://bluthelden.com/cdn/shop/files/OR220_Zaya_Blood_moon_Oracle.png?v=1750754551&width=3200
f8f54eb384f6,"Chaska, King of the Legend",Origin,"Mythic Character, Spirit Advisor",orange,F,5,2,,,5,,,,"Advisor (You must place this card in the Advisor Slot. It is
still a Character and can be targeted by spells and abilities.)
Target other Character you control gains
Indestructible (It can't be destroyed or take DMG) and
Ecstasy (It has Two-handed combat and Speed; it must
attack twice this rouna. Sacrifice it at the end of combat.)",,machine,https://bluthelden.com/cdn/shop/files/OR221_Chaska_King_of_the_LEgend.png?v=1750754552&width=3200
58c6296d259f,Cocoon Tree,Origin,Resource,orange,L,,2,,,,,,,"®: Gain 1 ASP. If you control at least five Moths,
gain 2 ASP instead.",,machine,https://bluthelden.com/cdn/shop/files/OR222_Cocoon_tree.png?v=1750754553&width=3200
2be30ae06344,Dance of Ghosts,Origin,"Resource, Fundamental Training",orange,F,,,,,,,,,"Train target Resource.
®: Choose a Character with Binding in the trained
Resource. Either unturn it if it is turned, or turn it if it is
unturned to gain 1 ASP. That Character doesn't unturn at
the beginning of the next round.",,machine,https://bluthelden.com/cdn/shop/files/OR223_Dance_of_Ghosts.png?v=1750754555&width=3200
8e9c912a4b8b,"Hyla, Priest of the Swarm",Origin,"Epic Character, Moth",orange,K,2,2,4,2,2,2,,,"When Hyla, Priest of the Swarm enters play, create two
1/1 Spectral Moth Tokens with Flying.
®: Gain O ASP, as long as this Character remains",,machine,https://bluthelden.com/cdn/shop/files/OR224_high_priest_of_the_swarm.png?v=1750754555&width=3200
75136a6c8c41,Jungle of Spirits,Origin,Resource,orange,L,,2,,,,,,,"•: Gain 1 ASP.
[Turn]: Create one Shadow Token in target War Zone.",,machine,https://bluthelden.com/cdn/shop/files/OR225_Jungle_of_Spirits.png?v=1750754556&width=3200
60da08322df4,Sacred Site,Origin,Resource,orange,N,,1,,,,,,,": Gain 1 ASP.
2, [Turn]: Create one Smith Ghost Token and bind it to target
Resource. It is a 0/4 Token Character, Spirit with Madness
andi [Turn]: Gain O ASP, as long as this Character remains",,machine,https://bluthelden.com/cdn/shop/files/OR226_Sacred_Site.png?v=1750754557&width=3200
736c16e79e51,Shadow Summoner,Origin,"Character, Spirit",orange,N,2,2,1,3,4,3,,,"®: Gain 1 ASP, as long as this Character remains Bound.
[Turn]: Create one Shadow Token.",,machine,https://bluthelden.com/cdn/shop/files/OR227_Shadow_Summoner.png?v=1750754558&width=3200
b234e2c72130,Shaman Tent,Origin,Resource,orange,N,,2,,,,,,,"®: Gain 1 ASP. Instead gain 2 ASP if you control 4
Shadow Tokens in the same Lane.",,machine,https://bluthelden.com/cdn/shop/files/OR228_Shaman_Tent.png?v=1750754559&width=3200
e8cab20d3dd1,Ghost Token,Origin,"Token Character, Spirit",orange,T,,,4,2,2,2,,,"Ì †D½
""Whispers linger where footsteps have vanished.""",,machine,https://bluthelden.com/cdn/shop/files/OR-TK-229_Ghost_Token.png?v=1750754561&width=3200
105a16271800,Mistheart’s Punishment,Origin,"Token, Fundamental Training",orange,T,,,,,,,,,Trained Character doesn't unturn anymore.,,machine,https://bluthelden.com/cdn/shop/files/OR-TK-230_Misthearts_Punishment.png?v=1750754562&width=3200
d596b4ab8c08,Shadow Token,Origin,Token,orange,T,,,,,,,,,"Shadow Tokens can be placed in any War Zone without
occupying a Slot. If 4 or more Shadow Tokens are in a
War Zone, all Characters in that zone gain Madness.
(At the end of each round, a Character with Madness takes
1 DMG. If a Characteryou control in the same Lane with
Madness dies, create one 1/2 Ghost Token under your
control in the same Lane. When any Character with
Madness dies, sacrifice all Shadow Tokensin that zone.)",,machine,https://bluthelden.com/cdn/shop/files/OR-TK231_shadow_token.png?v=1750754563&width=3200
1ee7165dceb1,Smith Ghost,Origin,"Token Character, Spirit",orange,T,,,0,4,1,2,,,"Madness (At the end ofeach round, a Character with
Madness takes 1 DMG.)
®: Gain O ASP, as long as this Character remains",,machine,https://bluthelden.com/cdn/shop/files/OR-TK232_Smiths_Ghost_Token.png?v=1750754564&width=3200
bdc5676aa323,Spectral Moth (Token),Origin,"Token Character, Moth",orange,T,,,4,1,1,2,,,,,machine,https://bluthelden.com/cdn/shop/files/OR-TK233_Spectral_Moth_Token.png?v=1750754565&width=3200
d1bc65b0894a,"Noctara, Queen of the Moths",Origin,Orange Sovereign,orange,F,,,,,,,,30,"®, Pay 1 LP: Gain 1 ASP.
Whenever your opponent summons a permanent
card, create one 1/1 Spectral Moth Token with Flying.
•, Pay 2 LP, Sacrifice three Spectral Moth Tokens:
Change the target of a spell or ability your opponent
controls.",,machine,https://bluthelden.com/cdn/shop/files/OR-234_Noctara_Queen_of_Moths.png?v=1750754560&width=3200
6994c8c0cb66,"Ghostking, Arvelian Seehoff of Falkenheim",Origin,"Epic Character, Spirit",orange,L,5,2,3,4,6,4,,,"As an additional cost, you must summon Ghostking,
Arvelian Seehoff of Falkenheim to target War Zone.
When Ghostking, Arvelian Seehoff of Falkenheim enters
play, each Character in the same War Lone gains Fear.
( For each of your opponent's Characters, roll a D6. If the
result is equal to or higher than that Character's RES, turn
it. It remains turned until the end of the next round.)",,machine,https://bluthelden.com/cdn/shop/files/ghostking.png?v=1758621762&width=3200
0be3ffa6aafe,Spirit of Mastery,Origin,Fundamental Training,orange,L,5,,,,,,4,,"Banish target Character an opponent controls.
Then this Training becomes a copy of that Character,
summoned to target War Zone you control. It's a Spirit in
addition to it's other types.
If Spirit of Mastery dies, the banished Character enters
play in a War Zone of it's owner's choice.",,machine,https://bluthelden.com/cdn/shop/files/spirit_of_mastery_b1e21ae8-0705-4251-ac2b-4b53005ef8ad.png?v=1758621733&width=3200
3deaf0c12e9a,"Thalvoryn, Spirit of the Dragon",Origin,"Epic Character, Spirit",orange,L,5,2,4,3,4,4,,,,,machine,https://bluthelden.com/cdn/shop/files/Thalvoryn.png?v=1758621703&width=3200
fdf26f59f959,Blooming Fruit,Origin,Resource,orange,F,,,,,,,,,"Every Character in the War Zone in this Lane gains RES-1.
®: Gain 1 ASP.
•: Gain 2 ASP. Activate only if you control three
Shadow Tokens in this Lane.
ORI•EN ©24 Bluthelden®",,machine,https://bluthelden.com/cdn/shop/files/Blooming.png?v=1758621665&width=3200
0a51a8d24aab,Antimagic,Origin,Equilibra Spell,grey,K,3,,,,,,,,"Destroy target Artifact, Ritual or Training.",,machine,https://bluthelden.com/cdn/shop/files/235_ANTIMAGIC_Muhammad_Fatih_20250409_8479855a-1f43-44c5-930d-7cbfddf44e40.png?v=1749547532&width=3200
7c1cf722b924,Arena Training,Origin,Equilibra Resource,grey,N,,2,,,,,,,"Trainings in the same Lane cost 1 ASP less to summon.
@: Gain 1 ASP.
1, @: Rise target Character you control that has Rise.
Transfer all counters to the Risen Character, then destroy
the original. It may move this round, without turning and
using an action.",,machine,https://bluthelden.com/cdn/shop/files/236_ARENA_TRAINING_Rodolfo_Costa_20250409_fe6f6ca9-914f-4d37-8b2b-43d681088772.png?v=1749906094&width=3200
811aa95b6da3,Divine Healing,Origin,Equilibra Spell,grey,N,2,,,,,,,,"Regenerate 1 HP on target Character or restore 1 LP to
your Sovereign. Draw a card, then discard one at the end
of your turn.",,machine,https://bluthelden.com/cdn/shop/files/237_DIVINE_HEALING_Carlos_Manzano_20250409_fcee428d-7da2-4fe0-98a2-7ef72bef029d.png?v=1749547534&width=3200
02c11f77c340,Diverted Power,Origin,Equilibra Spell,grey,N,2,,,,,,3,,"Deal 1 DMG to target Character or reduce 1 LP from target
Sovereign. Draw one card, then discard one at the end
of your turn.",,machine,https://bluthelden.com/cdn/shop/files/238_DIVERTED_POWER_Amar_Sekarwangi_20250410.png?v=1750063601&width=3200
5c96e294f555,Equilibra’s Blessing,Origin,Mythic Equilibra Artifact,grey,N,2,,,,,,,,"Each time a Character you control rises, put a counter on
Equilibra's Blessing.
Remove 2 counters from Equilibra's Blessing:
All Characters you control gain RES +2, INI +2 and POW/
HP +1/+1 until the end of the round.",,machine,https://bluthelden.com/cdn/shop/files/239_EQUILIBRAS_BLESSING_Rodolfo_Costa_20250409.png?v=1750063601&width=3200
32c4746cfc02,Fertile Field,Origin,Equilibra Resource,grey,K,,1,,,,,,,'@: Gain 1 ASP.,,machine,https://bluthelden.com/cdn/shop/files/240_FERTILE_FIELD_James_Binks_20250409.png?v=1750063598&width=3200
340537081b2d,Forge,Origin,Equilibra Resource,grey,K,,1,,,,,,,'@: Gain 1 ASP.,,machine,https://bluthelden.com/cdn/shop/files/241_FORGE_Anthony_Catillaz_20250409_b5b83569-14c0-4f14-94f6-40d18c9af7e7.png?v=1750755397&width=3200
8716a22c39d2,Karma Hatchling,Origin,Spell,grey,K,2,,,,,,4,,"If target Character deals DMG during the next combat
phase, it takes the same amount in return.",,machine,https://bluthelden.com/cdn/shop/files/242_KARMA_HATCHLING_Jounes_Erojo_20250410_0891f502-4050-4383-87e3-318ec7b3dba0.png?v=1750755422&width=3200
669898a25bc7,Priest,Origin,Equilibra Character,grey,K,1,1,4,2,4,2,,,"[Turn]: Gain 1 ASP, as long as this Character remains Bound.",,machine,https://bluthelden.com/cdn/shop/files/243_PRIEST_Amar_Sekarwangi_20250409.png?v=1750755361&width=3200
5260b7850ae3,Rise,Origin,Equilibra Spell,grey,K,1,,,,,,,,"Rise target Character you control with Rise
immediately without turning.",,machine,https://bluthelden.com/cdn/shop/files/244_RISE_Anna_Lesnikova_20250409.png?v=1750755361&width=3200
6d4393f0ffb5,Rune of the Wise,Origin,"Equilibra Resource, Rune",grey,F,,,,,,,,,"Rune (You have to place this card in the Rune Slot at the
beginning of the game.)
For all Characters you control Rise costs 1 less
permanentely.
Q: Search your pool for an Advisor, a Character with
Binding, or a Resource card and reveal it. Place the
searched card in its designated Slot without paying any
costs. Then shuffle your pool.",,machine,https://bluthelden.com/cdn/shop/files/245_RUNE_OF_THE_WISE_Alexander_Zimmermann_20250409_a0621236-210f-40a7-b0f2-dfb5469c68d5.png?v=1750755483&width=3200
b344d89af992,Sovereign’s Rune,Origin,"Equilibra Resource, Rune",grey,F,,,,,,,,,"Rune (You have to place this card in the Rune Slot at the
beginning of the game.)
Q: Gain 1 ASP.
[Turn]: Search your pool for an Advisor, a Character with
Binding, or a Resource card and reveal it. Place the
searched card in its designated Slot without paying
any costs. Then shuffle your pool.",,machine,https://bluthelden.com/cdn/shop/files/246_SOVEREIGNS_RUNE_James_Binks_20250409.png?v=1750755367&width=3200
0d145a2c12b6,Smith,Origin,Equilibra Character,grey,K,2,1,2,3,3,2,,,"1: Gain 1 ASP, as long as this Character remains Bound.",,machine,https://bluthelden.com/cdn/shop/files/247_SMITH_Florian_Stitz_20250409.png?v=1750755365&width=3200
bbeb89f7f038,Strong Mind,Origin,Fundamental Training,grey,K,2,,,,,,,,Target Character gains 1 RES +1 counter.,,machine,https://bluthelden.com/cdn/shop/files/248_STRONG_MIND_Bruno_Moreira_20250410.png?v=1750755366&width=3200
076f732826fb,War Drummer,Origin,Equilibra Character,grey,K,2,1,3,2,3,3,,,2: Target Character you control in the same Lane gains,,machine,https://bluthelden.com/cdn/shop/files/249_WAR_DRUMMER_Rodolfo_Costa_20250410.png?v=1750755364&width=3200
7be6b2c6dd9a,RuleCard (Token) (F),Origin,Rule card · Front,grey,,,,,,,,,,"Phases and Start of the Round:
1. Draw Step - Each player draws a card.
2. Unturn Step each Player
3. Mainphase Initiative Player (Turn Player 1)
4. Mainphase Player 2 (Turn Player 2)
5. Combat Phase (No cards are allowed to summon from the
hand, only acticvate abilities.)
6. Endphase (Both Players may summon only ""Spells""
from their hands. Initiative Player starts.)
7. End of the Round",,machine,https://bluthelden.com/cdn/shop/files/TK250_RULE_CARD_FRONT_Rodolfo_Costa_20250409.png?v=1750755364&width=3200
54c2b5434ba5,RuleCard (Token) (B),Origin,Rule card · Back,grey,,,,,,,,,,"no action.
2. When attacking, the character is turned. The opponent
may now choose a defender with an available action.
In general, a character can only act when it is not turned.
3. After resolving, the character with the next highest INI
acts, and so on.
4. Repeat this process lane by lane.
Note: All combat actions are determined by the
characters' INI values.
Abilities from permanent cards (e.g. Equipment,
Training, Artifacts) may be activated at any time.
Important: If a character is turned, it loses its RES and INI
until it is unturned.",,machine,https://bluthelden.com/cdn/shop/files/TK250B_RULE_CARD_BACK_Rodolfo_Costa_20250409.png?v=1750755362&width=3200
41fc1db142a6,"Thalor, Falcon of Accuracy",Origin,"Character, Bird",white,L,4,2,2,3,3,4,,,Targeted Strike (You may attack target Character directly.),,machine,https://bluthelden.com/cdn/shop/files/Thalor_Falcon_of_Accuracy_1von1_Foil_20250515.png?v=1749545347&width=3200
ee37ad941634,"Zyphor, Teller of Lost Tales",Origin,"Epic Character, Human",white,F,4,2,2,4,3,3,,,"When Zyphor, Teller of Lost Tales enters play, look at the
top 3 cards of your Spell deck, draw one card and put the
rest back on top in any order.",,machine,https://bluthelden.com/cdn/shop/files/Zyphor_Teller_of_Talesl_1von1_Foil_20250515.png?v=1749545346&width=3200
f89474bf8e21,Poison Cellar,Origin,Resource,black,L,,2,,,,,,,"Poison Cellar enters play with 3 Cellar counters
: Gain 1 ASP.
U, Remove 1 Cellar counter: Put 1 Poison counter on
target Character. (A poisoned Character takes 1 DMG at
the beginning of each combat phase, starting next round.)",,machine,https://bluthelden.com/cdn/shop/files/poison_cellar_1von1_Foil_20250515_5aac620c-b44c-4560-8bba-b02a7ddc1ca1.png?v=1749545346&width=3200
4dfaf98899c6,Zayas Ritual,Origin,Ritual,orange,N,4,,,,,,,,"When Zayas Ritual enters play, create two 1/1 Spectral
Moth Tokens with Flying.
[Turn], Sacrifice three Spetral Moth Tokens: Replace one
function of target spell or an activated ability your
opponent controls. If it:
Deals DMG → Regenerate HP
Gain stats → Lose stats
Lose Life → Gain Life
Sacrifice Zayas Ritual then.",,machine,https://bluthelden.com/cdn/shop/files/Zayas_ritual_1von1_Foil_20250515.png?v=1749545345&width=3200
6c5c8b637b13,Warrior of the Shieldwall,Origin,"Character, Human",white,L,4,2,2,6,2,4,,,"•: Protective Shield (Choose a Character in the same
War Zone. Absorb the DMG from an attack on that
Character.)
Surge (You may use this ability anytime, without
comparing the INI.)",,machine,https://bluthelden.com/cdn/shop/files/warrior_of_the_shieldwall_1von1_Foil_20250515.png?v=1749545344&width=3200
e0d1b5ae81c1,Staff of Enchantments,Origin,Martial Training,green,L,3,,,,,,,,"Trained Character gains POW/HP +1/+1 for each Training
you control in the same Lane. It has ""Whenever this
Character attacks, look at the top five Cards of your Spell
Deck. You may reveal a Training Card from among them
and put it into your hand. Put the rest on top in any order
of your Spell Deck and shuffle your Spell Deck.""",,machine,https://bluthelden.com/cdn/shop/files/Staff_of_enchantment_1von1_Foil_20250515.png?v=1749545343&width=3200
14d34d564f40,Zayas Ritual,Origin,Ritual,orange,N,4,,,,,,,,"When Zayas Ritual enters play, create two 1/1 Spectral
Moth Tokens with Flying.
[Turn], Sacrifice three Spetral Moth Tokens: Replace one
function of target spell or an activated ability your
opponent controls. If it:
Deals DMG → Regenerate HP
Gain stats → Lose stats
Lose Life → Gain Life
Sacrifice Zayas Ritual then.",,machine,https://bluthelden.com/cdn/shop/files/Zayas_Ritual_Collectors_Edition_02_FOIL_20250515.png?v=1749545750&width=3200
f45318b662d3,Zayas Ritual,Origin,Ritual,orange,N,4,,,,,,,,"When Zayas Ritual enters play, create two 1/1 Spectral
Moth Tokens with Flying.
®, Sacrifice three Spetral Moth Tokens: Replace one
function of target spell or an activated ability your
opponent controls. If it:
Deals DMG → Regenerate HP
Gain stats → Lose stats
Lose Life → Gain Life
Sacrifice Zayas Ritual then.",,machine,https://bluthelden.com/cdn/shop/files/Zayas_Ritual_Collectors_Edition_01_FOIL_20250515.png?v=1749545746&width=3200
b161aa46b4fc,The Lie,Origin,Spell,black,F,4,,,,,,4,,"As an additional cost to summon The Lie, sacrifice a
Character you control.
Take control of target Character an opponent controls.
Place it to target War Zone you control.",,machine,https://bluthelden.com/cdn/shop/files/The_Lie_Collectors_Edition_03_FOIL_20250515.png?v=1749545751&width=3200
20e39c2a1cce,The Lie,Origin,Spell,black,F,4,,,,,,4,,"As an additional cost to summon The Lie, sacrifice a
Character you control.
Take control of target Character an opponent controls.
Place it to target War Zone you control.",,machine,https://bluthelden.com/cdn/shop/files/The_Lie_Collectors_Edition_02_FOIL_20250515.png?v=1749545742&width=3200
4a4352b21436,"Airell the Blue, Chairman of the Mages of Glimmertal",Alliances,Blue Sovereign,blue,F,,,,,,,,30,"®, Pay1 LP: Gain 1 ASP.
[Turn], Pay 2 LP: Return target Artifact to its owner's Hand.
If you have the Initiative at the beginning of your turn,
Artifact cards in your hand have Surge until the end of round.
Activated abilities of Artifacts you control cost 1 ASP
less to activate for their first activation each round.",,machine,https://bluthelden.com/cdn/shop/files/BL_PR-001_Airell_the_Blue_Chairman_of_the_Mages_of_Glimmertal.png?v=1788509754&width=3200
15835eb31d9b,"Thordrin Rockaxe, the Lerium Guardian",Alliances,Brown Sovereign,brown,F,,,,,,,,30,"Fortified - Whenever a trained Dwarf you control dies,
you may sacrifice 2 Lerium for each Training attached
to it. If you do, return that Training Card from the
graveyard to play and attach it to target Dwarf.
[Turn], Pay 1 LP: Gain O ASP.
[Turn], Pay 4 LP: Deal 2 DMG to all Characters in target
War Zone or target Safety Zone in a Lane.","'+1
+2",machine,https://bluthelden.com/cdn/shop/files/BR_PR-002_Thordrin_Rockaxe_The_Lerium_Guardian.png?v=1788509754&width=3200
cabc3019d4aa,"Pyrana, the Ember-Priestress",Alliances,Red Sovereign,red,F,,,,,,,,30,"•, Pay 1 LP: Gain O ASP.
[Turn], Pay 3 LP: Create a Fire Token in each War Zone.
[Turn], sacrifice any number of Fire: Gain O ASP for each
Fire you sacrificed, then lose that much LP.",'+2,machine,https://bluthelden.com/cdn/shop/files/RD_PR-003_Pyrana_Ember_Pristress.png?v=1788509754&width=3200
56350fb74aaf,"Lysera, The Last Light Fairy",Alliances,Purple Sovereign,purple,F,,,,,,,,20,"Fairies you control have Speed (they don't turn, when
performing a combat action.)
®, pay 1 LP: Gain 1 ASP.
1, [Turn]: Put 1 RES+1 counter on target Fairy.",'+2,machine,https://bluthelden.com/cdn/shop/files/PU_PR-004_Lysera_The_Last_Light_Fairy.png?v=1788509754&width=3200
3a8a8e69b92d,Lindwurm Cleaver,Alliances,Mythic Martial Training,grey,L,3,,,,,,,,"Trained Character gains Bludgeon. (If a target takes
DMG, it cannot perform any combat actions during its
next turn.)",,machine,https://bluthelden.com/cdn/shop/files/EQ_PR-005_Lindwurm_Cleaver.png?v=1788509894&width=3200
bd7753a9c13f,Loo Taku the Present,Alliances,Fundamental Training,grey,N,2,,,,,,,,"Train only a bound Character you control.
Reduce the extra costs for summoning Characters and
Trainings in this Lane by 1.",,machine,https://bluthelden.com/cdn/shop/files/EQ_PR-006_Loo_Taku_the_present.png?v=1788509894&width=3200
e12aa2fa4cbf,Orc Baby,Alliances,"Character, Orc",red,K,2,1,2,2,2,2,,,,,machine,https://bluthelden.com/cdn/shop/files/RD_PR-007_Orc_Baby.png?v=1788509893&width=3200
56bb2bb395a9,Rockaxe Loyalist,Alliances,"Character, Dwarf",brown,K,3,2,2,2,3,2,,,"Whenever you sacrifice a Lerium, Rockaxe Loyalist
gains POW/HP +1/+0 until the end of round.",,machine,https://bluthelden.com/cdn/shop/files/BR_PR-008_Rockaxe_Loyalist.png?v=1788509894&width=3200
bbe2d4d418d9,Stellar Magic,Alliances,Spell,purple,N,3,,,,,,5,,"Return an Artifact, Character, Ritual or Training to its
owner's hand.",,machine,https://bluthelden.com/cdn/shop/files/PU_PR-017_Stellar_Magic.png?v=1788790465&width=3200
8177aa3942b3,Lindwurm Cleaver,Alliances,Mythic Martial Training,grey,L,3,,,,,,,,"Trained Character gains Bludgeon. (If a target takes
DMG, it cannot perform any combat actions during its
next turn.)",,machine,https://bluthelden.com/cdn/shop/files/EQ_PR-018_Lindwurm_Cleaver.png?v=1788790465&width=3200
beb922dbe7e7,High Curator of Tirash’Ka,Alliances,"Character, Lizard",blue,F,5,2,3,5,6,3,,,", ®: Unturn your Sovereign. This ability costs an
additional amount of ASP equal to the extra costs to
summon this Character.",,machine,https://bluthelden.com/cdn/shop/files/BL_PR-019_High_Curator_of_Trishka.png?v=1788790465&width=3200
92447c09a006,"Nik, Teller of Tales",Alliances,"Mythic Character, Human Advisor",grey,F,4,2,,,5,,,,"Activate only at the end of your turn: : Choose one:
• Your Sovereign loses 1 LP. Draw 1 card.
• Your Sovereign regenerates 1 LP. Banish 1 card from
your hand.",,machine,https://bluthelden.com/cdn/shop/files/EQ_PR-020_Nik_Teller_of_tales.png?v=1788790707&width=3200
c118c281a4af,Gokuen Shijin,Alliances,"Character, Oni",grey,L,4,2,3,4,4,4,,,"Combat Veteran - Whenever this Character survives
the Combat Phase, choose one:
• It gains 1 ASP.
• Put 1 RES +1 counter and 1 POW/HP +1/+1 counter
(A Character survives if it is in a Slot in the War Zone and
has performed a combat action at the end of the Combat",,machine,https://bluthelden.com/cdn/shop/files/EQ_PR-021_gokuen_shijin.png?v=1788790708&width=3200
a5eba95f6cf6,Bärenkatapult,Alliances,Spell,red,L,3,,,,,,4,,"As an additional cost to cast this Spell, sacrifice a
Character.
Deal DMG to target Character equal to the sacrificed
Character's POW.",,machine,https://bluthelden.com/cdn/shop/files/RD_PR-022_Baerenkatapult.png?v=1788790658&width=3200
60f7f9f14112,Fizrak Lizard,Alliances,"Character, Lizard",blue,K,2,1,4,3,2,2,,,"When Fizrak enters play, put 1 Drenched counter on
target Character in the same Lane (A Drenched Character gains 1 INI -1 counter at the end ofeach round.).",,machine,https://bluthelden.com/cdn/shop/files/BL_PR-023_Fizrak_Lizard.png?v=1788790658&width=3200
4cf81255b90a,Sigun Stone Dragon,Alliances,"Epic Character, Stone",brown,L,4,2,4,4,4,3,,,"Sacrifice 2 Lerium Tokens: This Character gains
POW/HP +1/+1 until the end of this round.",,machine,https://bluthelden.com/cdn/shop/files/BR_PR-024_Stone_Dragon.png?v=1788790658&width=3200
eccd4e0b8924,"Kimrethil, Space and Time Traveller",Alliances,"Mythic Character, Human Advisor",blue,L,5,2,,,5,,,,"Advisor (You have to place this card in the Advisor Slot.
It is still a Character that can be the target of spells or
abilities.)
3, D: Return a permanent you control with ASP costs to
your hand. You may summon a permanent card trom your
hand, without paying its ASP costs, it that permanent has
equal or less ASP costs than the card you returned.",,machine,https://bluthelden.com/cdn/shop/files/BL_PR-027_Kimrethil_Space_and_Time_Traveler.png?v=1788790955&width=3200
72001b9155f6,"Rha'Velkor, Tribal Chief",Alliances,Blue Sovereign,blue,F,,,,,,,,30,", Pay 1 LP: Gain 1 ASP.
Pay 2 LP: Create a Shield of Water Training Token
and attach it to target Character. (It has The next time
trained Character would take DMG, prevent that DMG,
then sacrifice all Shield of Water Trainings attached to it."")
1, Pay 4 LP: Unturn all Characters you control in target
Lane. You can use this ability only once per round.",'+2,machine,https://bluthelden.com/cdn/shop/files/BL_PR-009_Rha_Velkor__Tribal_Chief_alternatives_artwork.png?v=1788791469&width=3200
194d57a03c83,"Thordrin Rockaxe, the Lerium Guardian",Alliances,Brown Sovereign,brown,F,,,,,,,,30,"Fortified - Whenever a trained Dwarf you control dies,
you may sacrifice 2 Lerium for each Training attached
to it. If you do, return that Training Card from the
graveyard to play and attach it to target Dwarf.
[Turn], Pay 1 LP: Gain O ASP.
[Turn], Pay 4 LP: Deal 2 DMG to all Characters in target
War Zone or target Safety Zone in a Lane.",,machine,https://bluthelden.com/cdn/shop/files/BR_PR-012_Thordrin_Rockaxe_The_Lerium_Guardian.png?v=1788791469&width=3200
75d9a9b0c6c8,"Lysera, The Last Light Fairy",Alliances,Purple Sovereign,purple,F,,,,,,,,20,"Fairies you control have Speed (they don't turn, when
performing a combat action)
®, Pay 1 LP: Gain 1 ASP.
1, [Turn]: Put 1 RES +1 counter on target Fairy.",,machine,https://bluthelden.com/cdn/shop/files/PU_PR-016_Lysera_The_Last_Light_Fairy.png?v=1788791469&width=3200
5a17332ef4d1,"Rha'Velkor, Tribal Chief",Alliances,Blue Sovereign,blue,F,,,,,,,,30,", Pay 1 LP: Gain 1 ASP.
, Pay 2 LP: Create a Shield of Water Training Token
and attach it to target Character. (It has &The next time
trained Character would take DMG, prevent that DMG,
then sacrifice all Shield of Water Trainings attached to it.""
1, Pay 4 LP: Unturn all Characters you controll in target
Lane. You may use this ability only once per round.",'+2,machine,https://bluthelden.com/cdn/shop/files/BL_001_Rha_Velkor__Tribal_Chief.png?v=1785846790&width=3200
ff32861ae7cd,"Airell the Blue, Chairman of the Mages of Glimmertal",Alliances,Blue Sovereign,blue,F,,,,,,,,30,"®, Pay1 LP: Gain 1 ASP.
[Turn], Pay 2 LP: Return target Artifact to its owner's Hand.
If you have the Initiative at the beginning of your turn,
Artifact cards in your hand have Surge until the end of round.
Activated abilities of Artifacts you control cost 1 ASP
less to activate for their first activation each round.",,machine,https://bluthelden.com/cdn/shop/files/BL_002_Airell_the_Blue_Chairman_of_the_Mages_of_Glimmertal.png?v=1785846790&width=3200
af84de8cee9f,Arcane Treasure,Alliances,Artifact,blue,L,4,,,,,,,,"Whenever a non-Token Artifact enters play under
your control, put an Arcane Counter on this Artifact.
, Remove X Arcane Counters: Gain {X} ASP.",,machine,https://bluthelden.com/cdn/shop/files/BL_003_Arcane_treassure.png?v=1785846788&width=3200
a90675be6c80,Astral Lizard,Alliances,"Character, Lizard",blue,K,2,1,2,3,3,2,,,"Magic Control (Whenever this Character becomes the
target of a Spell or Ability your opponent controls, if it is
unturned, reduce the Spellpower of that Spell or Ability by 1.
IJ it has no Spellpower value, it gains Spelpower equal to 5
minus this Character's RES instead.)",,machine,https://bluthelden.com/cdn/shop/files/BL_004_Astral_Lizard.png?v=1785846790&width=3200
a785e82afca6,Avatar of Water,Alliances,"Epic Character, Avatar",blue,F,6,2,5,5,4,5,,,"When Avatar of Water enters play, every Drenched
Character gains 1 additional INI-1 counter.
Drowning Touch (Characters damaged by this Character
get a Drenched counter. A drenched Character gains 1 INI-1
counter at the end of each round.)",,machine,https://bluthelden.com/cdn/shop/files/BL_005_Avatar_of_water.png?v=1785846790&width=3200
4e69f6d46008,Banner of the Tribes,Alliances,Mythic Artifact,blue,L,3,,,,,,,,"Characters you control gain INI+1 and RES+1 as long
as they remain unturned. Characters you control gain
POW/HP +1/+1 as long as they remain turned.",,machine,https://bluthelden.com/cdn/shop/files/BL_006_Banner_of_Tribes.png?v=1785846789&width=3200
7bae4f9627dc,Brilliance,Alliances,Fundamental Training,blue,K,3,,,,,,,,"Trained Characters' activated Abilities cost 1 ASP less
to activate. This can't lower the costs to less than 1",,machine,https://bluthelden.com/cdn/shop/files/BL_007_Brilliance.png?v=1785846788&width=3200
567654ef1c3d,Captain Draken,Alliances,"Epic Character, Human",blue,L,5,2,4,5,4,4,,,"When Captain Draken enters play, create a Mythic
Artifact Token named The Seagull with '2, ®: Return
a Character you control named Captain Draken to your
hand."" and ""3 •: Put a Character card named Captain
Draken from your hand into target Slot in your Back Row.""",,machine,https://bluthelden.com/cdn/shop/files/BL_008_Captain_Draken.png?v=1785846790&width=3200
624a94566938,Collector of Treasures,Alliances,"Character, Human",blue,K,3,2,2,3,3,3,,,"When Collector of Treasures enters play, return an
Artifact Card from your Graveyard into your Hand.",,machine,https://bluthelden.com/cdn/shop/files/BL_009_Collector_Of_Treasures.png?v=1785846788&width=3200
12f924c5df67,Drowning Grasp,Alliances,Spell,blue,K,2,,,,,,3,,"Put a Drenched counter on target Character.
(A Drenched Character gets 1 INI-1 counter at the end of
each round.)",,machine,https://bluthelden.com/cdn/shop/files/BL_010_drowining_grasp.png?v=1785846790&width=3200
be16faa0ab54,Ebb Guardian,Alliances,"Character, Lizard",blue,K,2,1,2,3,3,3,,,"•: Protective Shield (If a Character in the same War
Zone would take DMG, this Character takes that DMG
instead.)",,machine,https://bluthelden.com/cdn/shop/files/BL_011_Ebb_Guardian.png?v=1785846791&width=3200
0c10dee7007c,Elixir of Life,Alliances,Spell,blue,N,2,,,,,,,,Unturn target Character you control.,,machine,https://bluthelden.com/cdn/shop/files/BL_012_Elixir_of_Life.png?v=1785846791&width=3200
405f2379e206,Field Nullifier,Alliances,"Character, Wizard, Human",blue,L,4,2,1,4,4,2,4,,"*********
Magic Control (Whenever this Character becomes the
target of a Spell or Ability your opponent controls, if it is
unturned, reduce the Spellpower of that Spell or Ability by 1.
J it has no Spellpower value, it gains Spellpower equal to 5
minus this Character's RES instead.)
•: Return target Character in the same Lane to its
owner's hand.",,machine,https://bluthelden.com/cdn/shop/files/BL_013_Field_Nullifier.png?v=1785846791&width=3200
4f47086e069f,Fizrak Lizard,Alliances,"Character, Lizard",blue,K,2,1,4,3,2,2,,,"When Fizrak enters play, put 1 Drenched counter on
target Character in the same Lane (A Drenched Character gains 1 INI -1 counter at the end of each round.).",,machine,https://bluthelden.com/cdn/shop/files/BL_014_Fizrak_Lizard.png?v=1785846791&width=3200
f42c0ce5bf47,Foresight,Alliances,Spell,blue,N,3,,,,,,,,"Look at the top 4 Cards of your Spell Deck. Draw one of
them, then put the rest back on top in any order.",,machine,https://bluthelden.com/cdn/shop/files/BL_015_Foresight.png?v=1785846791&width=3200
25acf35791e0,Harpoon Hunter,Alliances,"Character, Lizard",blue,K,2,1,1,2,3,3,,,"Drowning Touch (Characters damaged by this Character
get a Drenched counter. They gain 1 INI-1 counter at the
end of each round.)
•: Ranged Combat (It deals DMG equal to its Power
to target Character in a War Zone within the same Lane.
Activate only as a combat action and only if this card is in
the Back Row.)",,machine,https://bluthelden.com/cdn/shop/files/BL_016_Harpoon_Hunter.png?v=1785846791&width=3200
d470e7645c97,Healing Water,Alliances,Spell,blue,K,2,,,,,,,,Regenerate up to 3 HP to target Character.,,machine,https://bluthelden.com/cdn/shop/files/BL_017_Healing_water.png?v=1785846791&width=3200
5e8522c7fe93,High Curator of Tirash’Ka,Alliances,"Character, Lizard",blue,F,5,2,3,5,6,3,,,", ®: Unturn your Sovereign. This ability costs an
additional amount of ASP equal to the extra costs to
summon this Character.",,machine,https://bluthelden.com/cdn/shop/files/BL_018_High_Curator_of_Trishka.png?v=1785846790&width=3200
5ecbf1e448cf,High Wizard of Glimmertal,Alliances,"Epic Character, Wizard, Human",blue,L,5,2,3,6,5,3,,,"If you control a Wizard of Glimmertal you may pay 2
less to summon High Wizard of Glimmertal.
If you do, Rise Wizard of Glimmertal.
Magic Control
: Neutralize target Spell on the Reaction Chain.
Put it from the Reaction Chain into its owner's Gravevard.)",,machine,https://bluthelden.com/cdn/shop/files/BL_019_High_WIzard_of_Glimmertal.png?v=1785846791&width=3200
db3db58a3612,Hydra,Alliances,"Character, Hydra",blue,N,5,2,5,4,3,3,,,"Hydra enters play with 1 Head counter.
3, remove a Head counter: Hydra regenerates 3 HP.",,machine,https://bluthelden.com/cdn/shop/files/BL_020_Hydra.png?v=1785846791&width=3200
a97f394bcbd4,Hydromancer,Alliances,"Character, Wizard, Human",blue,K,3,1,2,3,3,3,,,"жках яко*езткеаУвУDис
When Hydromancer enters play, put one Drenched
counter on target Character in the same Lane.
(A drenched Character gains 1 INI-1 counter at the end of
each round.)",,machine,https://bluthelden.com/cdn/shop/files/BL_021_Hydromancer.png?v=1785846791&width=3200
844548a951dd,"Lezikar, Arcane Seer",Alliances,"Epic Character, Wizard, Human",blue,L,3,2,3,3,4,3,,,": Choose one -
• Look at the top Card of your Spell and Pool Deck
• Look at the top Card of your opponent's Spell and
Pool Deck.",,machine,https://bluthelden.com/cdn/shop/files/BL_022_Lezikar_Arcane_Seeker.png?v=1785846791&width=3200
4e189ab10de5,Lizard Spear Carrier,Alliances,"Character, Lizard",blue,N,3,1,3,2,3,3,,,"1, [Turn]: Create 1 Shield of Water Training Token and
attach it to this Character.",,machine,https://bluthelden.com/cdn/shop/files/BL_023_Lizard_Spear_Carrier.png?v=1785846790&width=3200
8352764a0b45,Lizardkeeper,Alliances,"Character, Lizard",blue,N,5,2,4,2,4,4,,,"1, [Turn]: Create 1 Shield of Water Training Token and
attach it to this Character.",,machine,https://bluthelden.com/cdn/shop/files/BL_024_Lizardkeeper.png?v=1785846790&width=3200
4a5ee2bd8c85,Low Tide,Alliances,Fundamental Training,blue,K,3,,,,,,3,,"When Low Tide enters play, turn trained Character.
Trained Character doesn't unturn at the beginning of
each round. It gains ""2: Unturn this Character"".",,machine,https://bluthelden.com/cdn/shop/files/BL_025_Low_tide.png?v=1785846789&width=3200
0aa429c87782,Magic Crystal,Alliances,Artifact,blue,K,2,,,,,,,,"When Magic Crystal enters play, draw a card. XESKХУRRE
2, Sacrifice this Artifact: Draw a card.",,machine,https://bluthelden.com/cdn/shop/files/BL_026_Magic_crystal.png?v=1785846789&width=3200
b9d33322eae7,Magic Seal,Alliances,Ritual,blue,N,3,,,,,,3,,"When Magic Seal enters play, banish target Character.
When this Ritual leaves play, its owner returns the
banished Character into play under their control.",,machine,https://bluthelden.com/cdn/shop/files/BL_027_Magic_Seal.png?v=1785846790&width=3200
53d01e94f46f,Orb of Supression,Alliances,Mythic Artifact,blue,L,2,,,,,,,,"Orb of Suppression enters play with 2 Arcane counters
, remove 1 Arcane counter: Target Character
loses all Rule Text until the end of round.
When there are no Arcane counters on this Artifact,
sacrifice it.",,machine,https://bluthelden.com/cdn/shop/files/BL_028_Orb_of_supression.png?v=1785846790&width=3200
5f0c00d7ca7b,Orb of the Sea,Alliances,Artifact,blue,K,2,,,,,,4,,"Orb of the Sea enters play with 2 Arcane counters
•, remove 1 Arcane counter: Turn target Character.
When there are no Arcane counters on this Artifact,
sacrifice it.",,machine,https://bluthelden.com/cdn/shop/files/BL_029_orb_of_the_sea.png?v=1785846790&width=3200
905e588e95ac,Orb of the Sky,Alliances,Artifact,blue,N,2,,,,,,,,"Orb of the Sky enters play with 2 Arcane counters
, remove 1 Arcane counter: Target Character
gains Flying until the end of the round.
When there are no Arcane counters on this Artifact,
sacrifice it.",,machine,https://bluthelden.com/cdn/shop/files/BL_030_orb_of_the_sky.png?v=1785846789&width=3200
f0a5ee28f5e3,Ruinous Wave,Alliances,Spell,blue,K,2,,,,,,3,,"Deal 2 DMG to target Character. If that Character is
turned, deal 1 additional DMG.",,machine,https://bluthelden.com/cdn/shop/files/BL_031_Ruinous_WAve.png?v=1785846790&width=3200
a0c2c17aa918,Ring of Waves,Alliances,Mythic Artifact,blue,F,2,,,,,,,,"•: Gain 1 ASP.
Whenever 1 or more INI -1 counters are put on a
Character your opponent controls, put 1 additional
INI -1 counter on it.",,machine,https://bluthelden.com/cdn/shop/files/BL_032_Ring_of_Waves.png?v=1785846790&width=3200
9ffe27c0e07c,Sage of the Waves,Alliances,"Character, Lizard",blue,K,3,1,3,3,3,2,,,"When Sage of the Waves enters play, you may turn or
unturn target Character or Artifact.",,machine,https://bluthelden.com/cdn/shop/files/BL_033_Sage_of_the_waves.png?v=1785846790&width=3200
47e6ffe89105,Sea Pearl,Alliances,Artifact,blue,K,3,,,,,,,,"When Sea Pearl enters play, gain O ASP.
O, Sacrifice this Artifact: Gain 2 ASP.",,machine,https://bluthelden.com/cdn/shop/files/BL_034_Sea_Pearl.png?v=1785846791&width=3200
cdcc720f3b9a,Seafolk of Glimmertal,Alliances,"Character, Human",blue,K,4,1,3,4,3,3,,,"""Glimmertal ahoi!""",,machine,https://bluthelden.com/cdn/shop/files/BL_035_Seafolk_of_glimmertal.png?v=1785846791&width=3200
3552a1c39cbf,Secrets of Glimmertal,Alliances,Fundamental Training,blue,L,4,,,,,,,,"Trained Character gainsi2, O: Look at the top 3 Cards
ofyour Spell Deck, draw one of them, then put the rest on
top in any orderii",,machine,https://bluthelden.com/cdn/shop/files/BL_036_Secrets_of_Glimmertal.png?v=1785846791&width=3200
bafb35b753aa,The Seer,Alliances,"Character, Wizard",blue,N,2,1,2,3,2,3,,,"When The Seer enters play, you may look at your
opponent's hand.",,machine,https://bluthelden.com/cdn/shop/files/BL_037_The_Seer.png?v=1785846791&width=3200
797b58059dd7,Teleportation,Alliances,Spell,blue,L,2,,,,,,4,,"Banish target Character, then return it into target Slot
in a War Zone.",,machine,https://bluthelden.com/cdn/shop/files/BL_038_Teleportation.png?v=1785846790&width=3200
1cc6fe2103e1,Tide Guardian,Alliances,"Character, Serpent",blue,K,2,1,2,3,3,3,,,Targeted Strike,,machine,https://bluthelden.com/cdn/shop/files/BL_039_Tide_Guardian.png?v=1785846790&width=3200
2e030f958a21,Wall of Water,Alliances,"Character, Elemental",blue,N,3,1,1,6,2,1,,,"Drowning Touch (Characters damaged by this Character
get a Drenched counter. They gain 1 INI-1 counter at the
end of each round.)",,machine,https://bluthelden.com/cdn/shop/files/BL_040_Wall_of_water.png?v=1785846790&width=3200
e8785e7e122c,Water Jet,Alliances,Spell,blue,K,1,,,,,,3,,"Move target Character without turning it or spending
its action. If it can't be moved, turn it instead.",,machine,https://bluthelden.com/cdn/shop/files/BL_041_Water_Jet.png?v=1785846790&width=3200
158541af529a,Water Play,Alliances,Artifact Training,blue,N,3,,,,,,,,"When Water Play enters play, attach it to target
Artifact you control. It becomes a Character with
Drowning Touch and RES 2, INI 2 and POW/HP 3/4.
Place it into target War Zone.",,machine,https://bluthelden.com/cdn/shop/files/BL_042_Water_Play.png?v=1785846791&width=3200
af8266b0af83,Waterpriestress,Alliances,"Character, Lizard",blue,N,4,2,1,4,3,2,,,"If you control Novice of the Water you may pay 2 less
to summon Waterpriestress.
If you do, Rise Novice of the Water.
O: Gain O ASP as long as this Character remains
3: Target Character in the same Lane gains
Unblockable until the end of this round.",,machine,https://bluthelden.com/cdn/shop/files/BL_043_Waterpriestress.png?v=1785846791&width=3200
b51ddf894bb1,Wave,Alliances,Spell,blue,L,5,,,,,,5,,Deal 2 DMG to all non-Lizard Characters in target Lane.,,machine,https://bluthelden.com/cdn/shop/files/BL_044_Wave.png?v=1785846790&width=3200
a6062ab2b5af,Wizard of Glimmertal,Alliances,"Character, Lizard",blue,N,3,1,3,3,3,3,,,"Magic Control
If you control a LVL 2 Resource, 2, Q: Rise into High
Wizard of Glimmertal.",,machine,https://bluthelden.com/cdn/shop/files/BL_045_Wizard_of_glimmertal.png?v=1785846791&width=3200
b554688173c7,Wizard of Lizards,Alliances,"Character, Lizard Wizard",blue,K,2,1,2,2,3,3,,,"Magic Control
When Wizard of Lizards enters play, unturn target
Character you control in the same Lane.",,machine,https://bluthelden.com/cdn/shop/files/BL_046_Wizard_of_Lizards.png?v=1785846791&width=3200
197de1094861,"Airell's Assistant, Magician Gordos",Alliances,"Mythic Character, Human Advisor",blue,F,6,2,,,5,,,,"Magic Control
3: Return target Artifact to its owner's Hand.
[Turn]: Return target Token permanent to its owner's",,machine,https://bluthelden.com/cdn/shop/files/BL_047_Airells_Assistant.png?v=1785846790&width=3200
2d6656467406,Arcane Channeler,Alliances,"Character, Human, Wizard",blue,N,4,2,4,3,3,2,,,"Magic Control
•: Gain 1 ASP as long as this Character remains
1, [Turn]: Increase the Spellpower of target Spell, Ability
or Training by 1.",,machine,https://bluthelden.com/cdn/shop/files/BL_048_Arcane_Channeler.png?v=1785846791&width=3200
4530a52b7a09,Archives of Glimmertal,Alliances,Resource,blue,N,,1,,,,,,,"•: Gain 1 ASP.
Unce per round, when an Artitact enters play under
your control, gain U ASP.",,machine,https://bluthelden.com/cdn/shop/files/BL_049_Archives_of_Glimmertal.png?v=1785846790&width=3200
90214fc53cb1,Brood Cavern,Alliances,Resource,blue,N,,1,,,,,,,"sagYzLprr
When Brood Cavern enters play, draw a card then
discard a card.
®: Gain 1 ASP.",,machine,https://bluthelden.com/cdn/shop/files/BL_050_Brood_Cavern.png?v=1785846790&width=3200
d1707f4181a2,Coral Reef,Alliances,Resource,blue,N,,2,,,,,,,®: Gain 1 ASP for each Coral Reef you control.,,machine,https://bluthelden.com/cdn/shop/files/BL_051_Coral_reef.png?v=1785846791&width=3200
79c9e55fe232,High Tower of Glimmertal,Alliances,Mythic Resource,blue,L,,2,,,,,,,"): Gain O ASP, gain 2 ASP if you control an Artifact
2, Discard a Card: Turn target Character in the same",,machine,https://bluthelden.com/cdn/shop/files/BL_052_high_tower_of_glimmertal.png?v=1785846790&width=3200
7086568b4266,Novice of the Water,Alliances,"Character, Lizard",blue,N,2,1,1,2,2,2,,,"If you control a LVL 2 Resource, 1, [Turn]: Rise into
Waterpriestress
[Turn]: Gain 1 ASP, as long as this Character remains",,machine,https://bluthelden.com/cdn/shop/files/BL_053_Novice_of_the_water.png?v=1785846790&width=3200
eaf698f745f0,Seer of Ebb and Flow,Alliances,"Character, Lizard",blue,N,3,2,2,3,2,2,,,"Gain 1 ASP, as long as this Character remains
2, [Turn]: Unturn the Resource to which Seer of Ebb and
Flow is Bound.",,machine,https://bluthelden.com/cdn/shop/files/BL_054_Seer_of_ebb_and_flow.png?v=1785846791&width=3200
6de402d06ee4,Subsea Flow,Alliances,Resource,blue,N,,1,,,,,,,"KHGATIRNMNENXEKG
When Subsea Flow enters play, turn or unturn target
Character in the same Lane.
®: Gain O ASP.",,machine,https://bluthelden.com/cdn/shop/files/BL_055_Subsea_FLow.png?v=1785846790&width=3200
04d46a1e9b5c,Temple of Water,Alliances,Resource,blue,L,,2,,,,,,,"®: Gain 1 ASP, gain 2 ASP instead if a Character is
bound to this Resource.
1,9: Return target Character that is bound to this
Resource to its owner's hand.",,machine,https://bluthelden.com/cdn/shop/files/BL_056_Temple_of_water.png?v=1785846791&width=3200
63ae223dbe40,Shield of Water,Alliances,"Token, Fundamental Training",blue,T,,,,,,,,,"YRЖYRKSSDGTNSEnЖЖEAYRAFИ
The next time trained Character would take DMG,
prevent that DMU, then sacritice all Shield of Water
Trainings attached to it.",,machine,https://bluthelden.com/cdn/shop/files/BL_TK-057_Shield_of_water.png?v=1785846790&width=3200
95ddd3f3f913,Serpent of the Deep,Alliances,"Token Character, Serpent",blue,T,,,5,5,5,5,,,"3: This Character gains Unblockable until the end of
the round. (It can't be blocked.)",,machine,https://bluthelden.com/cdn/shop/files/BL_TK-058_Serpent_of_the_Deep.png?v=1785846789&width=3200
e22688a2cecd,The Seagull,Alliances,Mythic Token Artifact,blue,T,,,,,,,,,"•: Return a Character you control named Captain
Draken to your hand.
): Put a Character card named Captain Draken
from your hand into target Slot in your Back Row.",,machine,https://bluthelden.com/cdn/shop/files/BL_TK-059_The_Seagull.png?v=1785846790&width=3200
f3c94ef4ae67,Lizard Egg,Alliances,Mythic Artifact,blue,L,3,,,,,,,,"Whenever a Character you control becomes the target
of a Spell or Ability your opponent controls, put 1 Egg
counter on Lizard Egg.
Remove 3 Egg counters: Search your Spell Deck for a
Lizard Character Card and put it turned into play.",,machine,https://bluthelden.com/cdn/shop/files/BL_D-20_Lizard_Egg.png?v=1781882025&width=3200
32a26d14b96b,Lizard Skypatrol,Alliances,"Character, Lizard",blue,L,4,2,4,2,4,4,,,"1, [Turn]: Create a Shield of Water Training Token and
attach it to this Character.",,machine,https://bluthelden.com/cdn/shop/files/BL_D-22_Lizard_Skypatrol.png?v=1781882026&width=3200
c513d6b68ad4,"Rex, Dragon of Deception",Alliances,"Epic Character, Lizard",blue,L,4,2,4,4,4,4,,,"Magic Control (Whenever this Character becomes the
target of a Spell or Ability your opponent controls, if it is
unturned, reduce the Spellpower of that Spell or Ability by 1.
If it has no Spellpower value, it gains Spellpower equal to 5
minus this Character's RES instead.)",,machine,https://bluthelden.com/cdn/shop/files/BL_D-28_Rex__Lizard_of_deception.png?v=1781882027&width=3200
6c37f2b73daa,Spell Disruptor,Alliances,Artifact,blue,L,3,,,,,,,,"This Artifact enters play with 1 Interrupt counter on it.
1, [Turn], remove 1 Interrupt counter: Neutralize target
Spell. (Put it from the Reaction Chain into its owner's
Graveyard.)
3: Put one Interrupt counter on this Artifact.",,machine,https://bluthelden.com/cdn/shop/files/BL_D-33_Spell_Disruptor.png?v=1781882030&width=3200
6f065018f8cb,"Waron, Water Dragon",Alliances,"Epic Character, Dragon",blue,L,5,2,4,3,4,5,,,"Drowning Touch (Characters damaged by this Character
get a Drenched counter. A drenched Character gets 1 INI -1
counter at the end of each round.)
Magic Control
1, [Turn]: Create a Shield of Water Training Token and
attach it to this Character.",,machine,https://bluthelden.com/cdn/shop/files/BL_D-37_Waron_Water_Dragon.png?v=1781882030&width=3200
aac7663227d2,"Airell The Blue, Chairman of the Mages of Glimmertal",Alliances,Blue Sovereign,blue,F,,,,,,,,30,"ages snur
•, Pay1 LP: Gain 1 ASP.
[Turn], Pay 2 LP: Return target Artifact to its owner's Hand.
If you have the Initiative at the beginning of your turn,
Artifact cards in your hand have Surge until the end of round.
Activated abilities of Artifacts you control cost 1 ASP
less to activate for their first activation each round.",,machine,https://bluthelden.com/cdn/shop/files/BL_D-00_Airell_the_Blue_Chairman_of_the_Mages_of_Glimmertal.png?v=1781883361&width=3200
11d860a357e4,"Krador, Sovereign of Stone and Soil",Alliances,Brown Sovereign,brown,F,,,,,,,,30,"Breaker of Earth - Whenever a brown non-Token
permanent enters play under your control, create a
Lerium Token.
[Turn], Pay 1LP: Gain O ASP.
[Turn], Pay 2 LP, Sacrifice 5 Lerium: Target Stone Character
gains Punch and Ecstasy until the end of this round.",'+2,machine,https://bluthelden.com/cdn/shop/files/BR-060_Krador_Sovereign_of_stone_and_soil.png?v=1785846662&width=3200
e340ef90a247,"Thordrin Rockaxe, the Lerium Guardian",Alliances,Brown Sovereign,brown,F,,,,,,,,30,"Fortified - Whenever a trained Dwarf you control dies,
you may sacrifice 2 Lerium for each Training attached
to it. If you do, return that Training Card from the
graveyard to play and attach it to target Dwarf.
[Turn], Pay 1 LP: Gain O ASP.
[Turn], Pay 4 LP: Deal 2 DMG to all Characters in target
War Zone or target Safety Zone in a Lane.",'+2,machine,https://bluthelden.com/cdn/shop/files/BR-061_Thordrin_Rockaxe_The_Lerium_Guardian_bd81c99a-4160-4bfe-97f5-3130a2309be4.png?v=1785846662&width=3200
eca5c4ff2c56,Banner of Stone,Alliances,Mythic Artifact,brown,L,3,,,,,,,,"When Banner of Stone enters play, create one 2/2
Stone Goat Character Token and one Lerium Token.
Characters you control gain POW/HP +0/+1.",,machine,https://bluthelden.com/cdn/shop/files/BR-062_Banner_of_Earth.png?v=1785846661&width=3200
5e17fef64d5c,Bludgeon Worm,Alliances,"Character, Stone",brown,N,4,1,5,4,3,3,,,"""I will find you!""",,machine,https://bluthelden.com/cdn/shop/files/BR-063_Bludgeon_Wurm.png?v=1785846661&width=3200
b0d60c89587b,Brokk Sparkshaper,Alliances,"Epic Character, Dwarf",brown,L,4,2,2,4,2,3,,,"When Brokk Sparkshaper enters play, create one 2/2
Goat Stone Character Token.
2, [Turn], sacrifice 5 Lerium and target Goat you control:
create one 6/6 Stone Giant Character Token with
Dual Slot in the same Slot.",,machine,https://bluthelden.com/cdn/shop/files/BR-064_Brokk_Sparkshaper.png?v=1785846662&width=3200
e99d120f218e,Bronmark Brigade,Alliances,"Character, Dwarf",brown,K,4,2,4,5,3,3,,,,,machine,https://bluthelden.com/cdn/shop/files/BR-065_Bronmark_Brigade.png?v=1785846662&width=3200
c083a7dbea23,Bronmarks Guard,Alliances,"Character, Dwarf",brown,K,4,1,2,3,2,2,,,"[Turn]: Ranged Combat (It deals DMG equal to its Power to
target Character in a War Zone within the same Lane.
Activate only as combat action and only if this card is in the
Back Row.)
[Turn], Sacrifice 1 Lerium: Put 1 POW/HP +0/+1 counter on
this Character.",,machine,https://bluthelden.com/cdn/shop/files/BR-066_Bronmarks_Guard.png?v=1785846662&width=3200
0f1f6ed058b9,Discipline,Alliances,Martial Training,brown,N,3,,,,,,,,"Trained Character gains RES+1, INI+1 and
POW/HP +0/+1.",,machine,https://bluthelden.com/cdn/shop/files/BR-067_Discipline.png?v=1785846660&width=3200
5c6f369b2c3a,Domain of the Stones,Alliances,Mythic Artifact,brown,L,4,,,,,,,,"Whenever a Character enters play under your control,
you may sacrifice one Lerium. If you do, put 1 POW/HP
+1/+1 counter on that Character. If it is a Stone
Character, you may sacrifice one additional Lerium.
-If you do put 1 additional POW/HP +1/+1 counter on it.",,machine,https://bluthelden.com/cdn/shop/files/BR-068_Domain_of_the_Stones.png?v=1785846662&width=3200
03c1df40f9f5,"Durnin, Dwarf of Valor",Alliances,"Epic Character, Dwarf",brown,L,5,2,4,4,3,3,,,"Overrun (When this Character enters play, it deals DMG
equal to its POW to target Character your opponent controls
in the same Lane.)",,machine,https://bluthelden.com/cdn/shop/files/BR-069_Durnin_Dwarf_of_Valor.png?v=1785846662&width=3200
bb6b96d2c009,Dwarven Adventurer,Alliances,"Character, Dwarf",brown,N,3,1,4,4,3,3,,,"If you control a LVL 2 Resource, 2, [Turn]: Rise into
Norrumin Ironfist.",,machine,https://bluthelden.com/cdn/shop/files/BR-070_Dwarven_Adventurer.png?v=1785846662&width=3200
ce0441dc99ee,Dwarf Maiden,Alliances,"Character, Dwarf",brown,K,3,1,3,3,3,3,,,"When Dwarf Maiden dies, create 2 Lerium Tokens.",,machine,https://bluthelden.com/cdn/shop/files/BR-071_Dwarf_Maiden.png?v=1785846662&width=3200
54ed89eb88a8,Dwarven Miner,Alliances,"Character, Dwarf",brown,K,4,1,3,3,3,3,,,"When Dwarven Miner enters play, create 2 Lerium
Tokens. (It's an Artifact Token with Sacrifice this Artifact:
Target Stone Character you control gains POW/HP +0/+1
until the end of this round.i)
, Sacrifice Dwarven Miner: Create 2 Lerium Tokens.",,machine,https://bluthelden.com/cdn/shop/files/BR-072_Dwarven_Miner.png?v=1785846661&width=3200
39cd4f177fec,Dwarfs of the Bronmark,Alliances,"Character, Dwarf",brown,K,2,1,2,3,3,2,,,"When Dwarts of the Bronmark enters play, create 4
Lerium Tokens. (It's an Artifact Token with iSacrifice this
Artifact: Target Stone Character you control gains POW/HP
+O/+1 until the end of this round."")",,machine,https://bluthelden.com/cdn/shop/files/BR-073_Dwarfs_of_the_Bronmark.png?v=1785846662&width=3200
a7ae5bab60a4,Enhanced Armor,Alliances,Martial Training,brown,K,3,,,,,,,,Trained Character gains POW/HP +0/+3.,,machine,https://bluthelden.com/cdn/shop/files/BR-074_Enhanced_Amor.png?v=1785846661&width=3200
adb4a2927933,Enhanced Armament,Alliances,Martial Training,brown,K,3,,,,,,,,Trained Character gains POW/HP +3/+0.,,machine,https://bluthelden.com/cdn/shop/files/BR-075_Enhanced_Armament.png?v=1785846661&width=3200
11530343ee4d,Earth's Breath,Alliances,Spell,brown,L,4,,,,,,5,,"As an additional cost to cast this Spell, you may sacrifice 2
Deal 2 DMG to all Characters in target Lane. If the additional
cost was paid, deal an additional 1DMG to up to two target
Characters in that Lane.",,machine,https://bluthelden.com/cdn/shop/files/BR-076_Earths_Breath.png?v=1785846663&width=3200
c60872bf45a3,Explosive Lerium Core,Alliances,Artifact,brown,N,3,,,,,,4,,"[Turn], sacrifice this Artifact: Deal 2 DMG to target
Character.
[Turn], sacrifice 5 Lerium: Deal 2 DMG to target Character.",,machine,https://bluthelden.com/cdn/shop/files/BR-077_Explosive_Lerium_Core.png?v=1785846663&width=3200
558f93791260,Forgehand Veteran,Alliances,"Character, Dwarf",brown,N,3,1,3,3,3,3,,,"When Forgehand Veteran enters play, you may sacrifice
2 Lerium. If you do, put 1 POW/HP +1/+1 counter on target
Character in the same Lane.",,machine,https://bluthelden.com/cdn/shop/files/BR-078_Forgehand_Veteran.png?v=1785846663&width=3200
8d6901719a69,Hammerfists,Alliances,Fundamental Training,brown,N,1,,,,,,,,"Trained Character has &Sacrifice 1 Lerium: This Character
gains Punch until the end of round.""",,machine,https://bluthelden.com/cdn/shop/files/BR-079_Hammerfists.png?v=1785846662&width=3200
df4744e5d60a,Hardened by Lerium,Alliances,Martial Training,brown,K,3,,,,,,,,"You may sacrifice 3 Lerium instead of paying this
Training's ASP costs to summon it.
Trained Character gains POW/HP +1/+1.",,machine,https://bluthelden.com/cdn/shop/files/BR-080_Hardened_by_Lerium.png?v=1785846661&width=3200
c7af70b1081f,Juggernaut of the Bronmark,Alliances,"Character, Dwarf Giant",brown,K,5,2,6,6,2,4,,,"Juggernaut of the Bronmark doesn't unturn at the
beginning of rounds.
Sacrifice 1 Lerium: Unturn Juggernaut of the
Bronmark. Activate only once per round.",,machine,https://bluthelden.com/cdn/shop/files/BR-081_Juggernaut_of_the_Bronmark.png?v=1785846662&width=3200
deb3e3ead00a,Lerium Core,Alliances,Artifact,brown,F,2,,,,,,,,"When you control no Lerium, sacrifice Lerium Core.
•, sacritice any number of Lerium: Target Character
gains INI+1 and POW/HP +1/+1 tor each Lerium you
sacrificed until the end of the round.",,machine,https://bluthelden.com/cdn/shop/files/BR-082_Lerium_Core.png?v=1785846662&width=3200
3e78c9f8a336,Lerium Dealer,Alliances,"Character, Dwarf",brown,N,3,1,4,2,3,2,,,"[Turn], sacrifice 1 Lerium: Put 1 POW/HP +0/+1 counter on
target Character in the same Lane.",,machine,https://bluthelden.com/cdn/shop/files/BR-083_Lerium_Dealer.png?v=1785846662&width=3200
646a9649e32c,Lerium Guard,Alliances,"Character, Dwarf",brown,K,4,2,4,5,3,3,,,"When Lerium Guard enters play, create 2 Lerium
Tokens. (It's an Artifact Token with Sacrifice this Artifact:
Target Stone Character you control gains POW/HP +0/+1
until the end ofthis roundạ)",,machine,https://bluthelden.com/cdn/shop/files/BR-084_Lerium_Guard.png?v=1785846661&width=3200
09e03b2f62db,Lerium in the Veins,Alliances,Fundamental Training,brown,K,2,,,,,,,,"Trained Character becomes a Stone in addition to its
other Types and hasiSacrifice 1 Lerium: This Character
gains POW/HP +1/+1 until the end of the round.""",,machine,https://bluthelden.com/cdn/shop/files/BR-085_Lerium_in_the_Veins.png?v=1785846663&width=3200
bfb8bcd42eee,Lerium Platearmor,Alliances,Martial Training,brown,K,4,,,,,,,,Trained Character gains POW/HP +0/+5 and Defender.,,machine,https://bluthelden.com/cdn/shop/files/BR-086_Lerium_Platearmor.png?v=1785846661&width=3200
2530000bc4cc,Mining Troop,Alliances,"Character, Dwarf",brown,K,3,1,3,4,3,2,,,"When Mining Troop enters play, banish any number
of Stone Character cards from your Graveyard. Create
that many Lerium Tokens.",,machine,https://bluthelden.com/cdn/shop/files/BR-087_Mining_Troop.png?v=1785846662&width=3200
a889fccdc4f3,Norrumin Ironfist,Alliances,"Epic Character, Dwarf",brown,N,4,2,3,3,3,3,,,"If you control Dwarven Adventurer, you may pay 2
less to summon Norrumin Ironfist.
If you do, Rise Dwarven Adventurer.
When Norrumin Ironfist enters play, you may sacritice
up to 3 Lerium. If you do, put that many POW/HP +1/+1
counters on it.",,machine,https://bluthelden.com/cdn/shop/files/BR-088_Norrumin_Ironfist.png?v=1785846663&width=3200
93cfb7a51e90,Retrieval Commando,Alliances,"Character, Dwarf",brown,N,3,1,2,2,2,2,,,"When Retrieval Commando enters play, you may
shuffle any number of Stone Character cards from
your Graveyard into your Spell Deck. If you do, create
one Lerium Token.",,machine,https://bluthelden.com/cdn/shop/files/BR-089_Retrieval_Commando.png?v=1785846662&width=3200
20e14ad55c10,Ring of Stones,Alliances,Mythic Artifact,brown,F,2,,,,,,,,"O: Gain 1 ASP.
Once per round, if you create a non-Character Token,
create 1 additional Token of the same kind.",,machine,https://bluthelden.com/cdn/shop/files/BR-090_Ring_of_Earth.png?v=1785846663&width=3200
0e14742449ff,Rockaxe Appraiser,Alliances,"Character, Dwarf",brown,N,3,2,4,3,2,2,,,"[Turn], sacrifice 1 Lerium: Draw a card, then discard a card.",,machine,https://bluthelden.com/cdn/shop/files/BR-091_Rockaxe_Appraiser.png?v=1785846662&width=3200
ac1cc0c745cd,Rumbin the Goat Herder,Alliances,"Epic Character, Dwarf",brown,N,4,2,3,4,3,3,,,"When Rumbin the Goat Herder enters play, create one
2/2 Goat Stone Character Token.",,machine,https://bluthelden.com/cdn/shop/files/BR-092_Rumbin_The_Goat_Herder.png?v=1785846662&width=3200
8704198fe952,Sandscorpion,Alliances,"Character, Stone",brown,N,3,1,3,4,2,3,,,"""Born of dust, hardened by the sun.""",,machine,https://bluthelden.com/cdn/shop/files/BR-093_Sandscorpion.png?v=1785846662&width=3200
acf143e04ca9,Save Passage,Alliances,Spell,brown,L,3,,,,,,,,"As an additional cost to cast Save Passage, you may
sacrifice 3 Lerium.
Target Character gains Indistructable until the end
of round. Choose an additional target if you paid the
additional cost to cast this Spell.",,machine,https://bluthelden.com/cdn/shop/files/BR-094_Save_Passage.png?v=1785846662&width=3200
2b323b7a0316,Stonebound,Alliances,Fundamental Training,brown,N,2,,,,,,4,,"Trained Character can't retreat. (It can't be moved from
the War Zone into the Safety Zone.)",,machine,https://bluthelden.com/cdn/shop/files/BR-095_Stonebound.png?v=1785846660&width=3200
fb4f36cacd17,Stonebound Riches,Alliances,Spell,brown,K,3,,,,,,,,"Create a 2/2 Worm Token with Emerge 3 in target
War Zone.",,machine,https://bluthelden.com/cdn/shop/files/BR-096_Stonebound_Riches.png?v=1785846662&width=3200
d6de9c29b187,Stonemason,Alliances,"Character, Dwarf",brown,K,3,1,2,4,3,3,,,"[Turn], sacrifice 1 Lerium: Target Stone Character
regenerates 1 HP.",,machine,https://bluthelden.com/cdn/shop/files/BR-097_Stonemason.png?v=1785846661&width=3200
6f5306041aaf,Stoneix Arkeia,Alliances,Spell,brown,N,1,,,,,,,,"Create 3 Lerium Tokens. (It's an Artifact Token with
«Sacrifice this Artifact: Target Stone Character you control
gains POW/HP +0/+1 until the end of this round."")",,machine,https://bluthelden.com/cdn/shop/files/BR-098_Stoneix_Arkeia.png?v=1785846663&width=3200
84d128d0bd09,Stoneworm,Alliances,"Character, Stone",brown,L,6,2,6,6,4,3,,,"When Stoneworm enters play, create 2 Lerium Tokens.
(It's an Artifact Token with ""Sacrifice this Artifact: Target
Stone Character you control gains POW/HP +0/+1 until the
end of this round."")",,machine,https://bluthelden.com/cdn/shop/files/BR-099_Stonewurm.png?v=1785846662&width=3200
b5bf92853d6a,Strongarm Weapon Smith,Alliances,"Character, Dwarf",brown,N,3,2,3,3,3,2,,,"When Strongarm Weapon Smith enters play, create 1
Lerium Token. (It's an Artifact Token with Sacrifice this
Artifact: Target Stone Character you control gains POW/HP
+O/+1 until the end of this round."")
[Turn], sacrifice 2 Lerium: Put 2 POW/HP +1/+1 Counter on
target Dwarf.",,machine,https://bluthelden.com/cdn/shop/files/BR-100_Strongarm_Weaponsmith.png?v=1785846663&width=3200
db14e5a44a01,Tail Swipe,Alliances,Spell,brown,K,3,,,,,,4,,"As an additional cost to cast this Spell, you may
sacrifice 2 Lerium.
Deal 1 DMO to every Character in target War Lone.
It this Spell' s additional cost was paid, deal 2 DMG",,machine,https://bluthelden.com/cdn/shop/files/BR-101_Tail_Swipe.png?v=1785846662&width=3200
9d464615b5c9,The Giant Golem,Alliances,"Character, Stone",brown,F,6,2,7,7,3,3,,,"Dual Slot (This Character occupies two Slots in the War
Sacrifice 1 Lerium Token: This Character gains Punch
until the end of this round.",,machine,https://bluthelden.com/cdn/shop/files/BR-102_Giant_Golem.png?v=1785846662&width=3200
d9beba3d3f49,The Rockaxe,Alliances,Mythic Artifact,brown,F,4,,,,,,,,"[Turn], sacrifice 5 Lerium: Target Dwarf you control gets
POW/HP +2/+2, Speed and Targeted Strike until the
end of this round.",,machine,https://bluthelden.com/cdn/shop/files/BR-103_The_Rockaxe.png?v=1785846661&width=3200
c716221dd8c8,The Walls of Bronmark,Alliances,"Character, Stone Barrier",brown,L,3,1,0,7,2,1,,,"Sacrifice 1 Lerium: The Walls of Bronmark gains
POW/HP +1/+1 until the end of the round.",,machine,https://bluthelden.com/cdn/shop/files/BR-104_The_walls_of_Bronmark.png?v=1785846661&width=3200
8267309289a3,"Vorax, the Worm",Alliances,"Epic Character, Stone",brown,L,6,2,4,6,3,2,,,"Dual Slot (This Character occupies two Slots in the War
If you control a Worm Token, pay 2 ASP less to
summon Vorax, the Worm, then Rise Worm Token.
When Vorax, the Worm emerges in your opponent's
War Zone, all other Characters in that War Zone gain Fear
and retreat to the Back Row. If they can't retreat, destroy
them instead. Vorax, the Worm does not unturn at the
beginning of the next round.",,machine,https://bluthelden.com/cdn/shop/files/BR-105_Vorax_the_Wurm.png?v=1785846662&width=3200
57b929813a0e,"Aethonwynn, Mother of all Stones",Alliances,"Mythic Character, Stone Advisor",brown,F,5,2,,,5,,,,"Advisor (You have to place this card in the Advisor Slot. It is
still a Character that can be the target of spells or abilities.)
[Turn]: Create two Lerium Tokens.
[Turn], Sacrifice one Lerium: All Stone Characters you
control gain RES+1, INI+1, POW/HP +1/+1 until the end
of this round.",,machine,https://bluthelden.com/cdn/shop/files/BR-107_Aethonwynn_Mother_of_all_Stones.png?v=1785846661&width=3200
30074fd30071,Dwarven Furnace,Alliances,Resource,brown,K,,1,,,,,,,"[Turn]: Gain 1 ASP.
[Turn], sacrifice 1 Lerium: Put 1 POW/HP +1/+1 counter on
target Character.",,machine,https://bluthelden.com/cdn/shop/files/BR-108_Dwarven_Furnace.png?v=1785846662&width=3200
3de6eb794cef,Guardian of the Treasury,Alliances,"Character, Dwarf",brown,N,3,2,2,3,3,3,,,"When Guardian of the Treasury enters play, create a
Lerium Token.
•: Gain 1 ASP as long as this Character remains Bound
•: Create 1 Lerium Token.",,machine,https://bluthelden.com/cdn/shop/files/BR-109_Guardian_of_the_Treasury.png?v=1785846662&width=3200
4094240396c4,Lerium Custodian,Alliances,"Character, Dwarf",brown,N,4,2,3,3,3,3,,,"[Turn], sacrifice one Lerium: Gain 2 ASP as long as this
Character remains Bound.",,machine,https://bluthelden.com/cdn/shop/files/BR-110_Lerium_Custodian.png?v=1785846662&width=3200
a4251e32e6d2,Lerium Smith,Alliances,"Character, Dwarf",brown,K,2,1,2,3,2,2,,,"Q: Gain 1 ASP as long as this Character remains
[Turn], sacrifice one Lerium: Put a POW/HP +1/+1 counter
on target Character.",,machine,https://bluthelden.com/cdn/shop/files/BR-111_Lerium_Smith.png?v=1785846662&width=3200
ac997d30788c,Load Goat,Alliances,"Character, Stone, Goat",brown,N,4,2,3,4,3,3,,,"When Load Goat enters play, create a POW/HP 2/2 Worm
Token with Emerge 3 in your Warzone in the same Lane.
[Turn]: Gain O ASP as long as this Character remains Bound.",,machine,https://bluthelden.com/cdn/shop/files/BR-112_Load_Goat.png?v=1785846661&width=3200
3770861a209e,Peak of Eldor,Alliances,Resource,brown,L,,2,,,,,,,"Peak of Eldor enters play with 1 Giant counter on it.
[Turn]: Gain O ASP.
3, remove 1 Giant counter, [Turn]: Create one 6/6 Stone
Giant Character Token with Dual Slot. Place it in target
War Zone.",,machine,https://bluthelden.com/cdn/shop/files/BR-113_Peak_of_Eldor.png?v=1785846662&width=3200
87567bf5384c,Stones Cave,Alliances,Resource,brown,L,,2,,,,,,,"[Turn]: Gain O ASP. Gain 2 ASP instead, if you control at
least two Stone Characters.
[Turn]: Create a 2/2 Goat Stone Character Token in the
same Lane.",,machine,https://bluthelden.com/cdn/shop/files/BR-114_Stone_Cave.png?v=1785846662&width=3200
c7d6f8462390,Stones Kingdom,Alliances,Resource,brown,L,,2,,,,,,,"O: Gain 1 ASP.
2: Deal 1 DMG to target Stone Character you control,
then deal 1 DMG to target Character in the same Lane.",,machine,https://bluthelden.com/cdn/shop/files/BR-115_Stone_Kingdom.png?v=1785846662&width=3200
1f77f6dcd47d,Stone Treasure,Alliances,Resource,brown,N,,1,,,,,,,"When this Resource enters play, create 1 Lerium
Token. (It's an Artifact Token with ""Sacrifice this Artifact:
Target Stone Character you control gains POW/HP +0/+1
until the end of this roundi)
[Turn]: Gain O ASP.
[Turn]: Create 1 Lerium Token.",,machine,https://bluthelden.com/cdn/shop/files/BR-116_Stone_Treasure.png?v=1785846662&width=3200
8e154c61a4d2,Lerium,Alliances,Token Artifact,brown,T,,,,,,,,,"Sacrifice this Artifact: Target Stone Character you
control gains POW/HP +0/+1 until the end of this round.",,machine,https://bluthelden.com/cdn/shop/files/BR-TK-117_Lerium.png?v=1785846662&width=3200
2731e7121f1a,Goat,Alliances,"Token Character, Stone, Goat",brown,T,,,2,2,2,3,,,,,machine,https://bluthelden.com/cdn/shop/files/BR-TK-02a_Goat_Stone_Token.png?v=1783769544&width=3200
d84c0c20cb27,Stone Giant,Alliances,"Token Character, Stone",brown,T,,,6,6,3,3,,,"З СЕ 166
Dual Slot",,machine,https://bluthelden.com/cdn/shop/files/BR-TK119_Stone_Giant.png?v=1785846661&width=3200
5ced66cdc004,Worm,Alliances,"Token Character, Stone",brown,T,,,2,2,3,2,,,"Emerge 3 - ([Turn], sacrifice 3 Lerium Tokens, banish this token):
Search your hand or Spell Deck for a card named Vorax,
the Worm and put it turned into your opponent's War
Zone under their control in the same Lane.",,machine,https://bluthelden.com/cdn/shop/files/BR-TK120_Worm.png?v=1785846662&width=3200
765b4a1219f5,Pact of the Legendary Stone,Alliances,Martial Training,brown,F,3,,,,,,,,"As an additional cost to summon Pact Of The
Legendary Stone, sacrifice 1 Lerium Token.
Trained Character becomes a Stone in addition to
its other Types. It gains POW/HP +2/+2, Punch and
Untargetable.",,machine,https://bluthelden.com/cdn/shop/files/BR-D-19_Pact_of_the_legendary_Stone.png?v=1783769543&width=3200
02a87a5d7509,"Sigun, Stone Dragon",Alliances,"Epic Character, Stone",brown,L,4,2,4,4,4,3,,,"Sacrifice 2 Lerium Tokens: This Character gains
POW/HP +1/+1 until the end of this round.",,machine,https://bluthelden.com/cdn/shop/files/BR-D-23_Stone_Dragon.png?v=1783769545&width=3200
4a70ffcc0b4d,"Zagnaphein, Lerium Giant",Alliances,"Epic Character, Stone",brown,F,5,2,4,6,4,4,,,"When Zagnaphein, Lerium Giant enters play, choose
one - Create 1 Lerium Token or deal 1 DMG to target
Character your opponent controls.
[Turn]: This Character deals 1 DMG to itself. Then choose
• create 1 Lerium Token,
• regenerate 1 HP to another target Character or
• deal 1 DMG to target Character your opponent
controls.",,machine,https://bluthelden.com/cdn/shop/files/BR-D-40_Zagnaphein_Lerium_Giant.png?v=1783769545&width=3200
975d91f3e255,Zagnapheins Talisma,Alliances,Martial Training,brown,N,3,,,,,,,,Trained Character gains Punch and POW/HP +2/+2.,,machine,https://bluthelden.com/cdn/shop/files/BR-D-42_Zagnapheins_Talisman.png?v=1783769544&width=3200
7fdd065c9366,"Thordrin Rockaxe, The Lerium Guardian",Alliances,Brown Sovereign,brown,F,,,,,,,,30,"Fortified - Whenever a trained Dwarf you control dies,
you may sacrifice 2 Lerium for each Training attached
to it. If you do, return that Training Card from the
graveyard to play and attach it to target Dwarf.
[Turn], Pay 1 LP: Gain O ASP.
[Turn], Pay 4 LP: Deal 2 DMG to all Characters in target
War Zone or target Safety Zone in a Lane.",'+2,machine,https://bluthelden.com/cdn/shop/files/BR-D-00_Thordrin_Rockaxe_The_Lerium_Guardian.png?v=1783769543&width=3200
f009cfe75b2b,"Grak'Nar, the Bloodrage",Alliances,Red Sovereign,red,F,,,,,,,,30,"•, Pay 1 LP : Gain 1 ASP.
[Turn], Pay 2 LP: Create a Mythic Chieftain of War, Magic
or Strategy Training Token and attach it to target
Character with Horde you control.
Pay 4 LP, sacrifice a Chieftain: Deal X DMG to target
Character, where X is equal to the number of
Characters with Horde you control.",,machine,https://bluthelden.com/cdn/shop/files/RD_121_Grak_Nar_the_Bloodrage.png?v=1785846949&width=3200
0e5d95642b43,"Pyrana, the Ember-Priestress",Alliances,Red Sovereign,red,F,,,,,,,,30,"®, Pay 1 LP: Gain O ASP.
[Turn], Pay 3 LP: Create a Fire Token in each War Zone.
[Turn], sacrifice any number of Fire: Gain O ASP for each
Fire you sacrificed, then lose that much LP.","'+1
+2",machine,https://bluthelden.com/cdn/shop/files/RD_122_Pyrana_Ember_Pristress.png?v=1785846952&width=3200
5188b5532af1,Abominable Beast of the Orcs,Alliances,"Character, Beast",red,N,4,2,5,3,2,3,,,,,machine,https://bluthelden.com/cdn/shop/files/RD_123_Abominable_Beast_of_the_Orcs.png?v=1785846952&width=3200
470d3c8e6a77,Amulet of the Scum,Alliances,Artifact,red,N,3,,,,,,,,"Whenever a Character with Horde you control dies,
put one Time counter on Amulet of the Scum.
2, remove 3 Time counters: Create a Mythic Chieftain
of War, Magic or Strategy Training Token and attach it
to target Character with Horde you control.",,machine,https://bluthelden.com/cdn/shop/files/RD_124_Amulet_of_the_scum.png?v=1785846950&width=3200
98b3c5c08c6c,Ashling,Alliances,"Character, Elemental",red,K,4,2,2,2,3,3,,,"If Ashling would take DMG from Fire,
put 1 POW/HP +1/+1 counter on it instead.",,machine,https://bluthelden.com/cdn/shop/files/RD_125_Ashling.png?v=1785846951&width=3200
c3854f6430fd,Assembling of the Chieftains,Alliances,Ritual,red,F,6,,,,,,,,"When this Ritual enters play, create three 3/2 0rc
Fighter Tokens with Horde.
Second Round: At the beginning ot your Turn, create
a Mythic Chieftain of War, Magic or Strategy Training
Token and attach it to target Character with Horde
you control.
Third Round: Repeat the second round Ability, then
sacrifice this Ritual.",,machine,https://bluthelden.com/cdn/shop/files/RD_126_Assembling_of_the_Chieftains.png?v=1785846952&width=3200
e3f836ba5f06,Bärenkatapult,Alliances,Spell,red,L,3,,,,,,4,,"As an additional cost to cast this Spell, sacrifice a
Character.
Deal DMG to target Character equal to the sacrificed
Character's POW.",,machine,https://bluthelden.com/cdn/shop/files/RD_127_Baerenkatapult.png?v=1785846952&width=3200
8e5a4f4a4749,Burning Plains Skirmisher,Alliances,"Character, Orc",red,K,3,1,2,3,3,2,,,,,machine,https://bluthelden.com/cdn/shop/files/RD_128_Burning_Plains_Skirmisher.png?v=1785846952&width=3200
3a85afaf32cb,Burning Rites,Alliances,Spell,red,L,X,,,,,,,,"Sacrifice any number of Characters you control. Gain *
ASP, where is the number of sacrificed Characters to
cast this Spell. Then put Fire Token into target War",,machine,https://bluthelden.com/cdn/shop/files/RD_129_Burning_Rites.png?v=1785846952&width=3200
6c82184adf6e,Elite Warrior of the Burning Plains,Alliances,"Character, Orc",red,L,4,2,4,3,3,4,,,"As long as you control a Chieftain of War, this
Character gains Two-Handed Combat and Speed.",,machine,https://bluthelden.com/cdn/shop/files/RD_130_Elite_Warrior_of_the_Burning_Plains.png?v=1785846952&width=3200
92d1a2966858,Fireshaman,Alliances,"Character, Orc",red,N,4,2,2,4,3,2,,,": Deal 2 DMG to target Character in the War
Zone in the same Lane. Activate only if you control a
Chieftain of Magic.",,machine,https://bluthelden.com/cdn/shop/files/RD_131_FIreshaman.png?v=1785846952&width=3200
3a927405245c,"Krakhan, the Hellfire",Alliances,"Epic Character, Demon",red,F,6,2,5,4,4,5,,,"When Krakhan, the Hellfire enters play, deal 5 DMG to
target Character. If that Character dies this round,
create a Fire Token in the War Zone in the same Lane.
As long as Krakhan, the Hellfire is in a War Zone, Fire
Tokens in that War Zone lose all activated abilities.",,machine,https://bluthelden.com/cdn/shop/files/RD_132_Krakhan_the_hellfire.png?v=1785846952&width=3200
2ab8f7d0660c,Fireball,Alliances,Spell,red,L,X,,,,,,1,,"When you cast Fireball, increase its Spellpower equal
Deal X DMG to all Characters in target War Zone.",,machine,https://bluthelden.com/cdn/shop/files/RD_133_Fireball.png?v=1785846952&width=3200
fa4e3bdaa149,Fireblast,Alliances,Spell,red,K,4,,,,,,3,,"STERaNVnet
Deal 2 DMG to target Character and 1 DMG to target
Sovereign.",,machine,https://bluthelden.com/cdn/shop/files/RD_134_Fireblast.png?v=1785846951&width=3200
a7661539cac5,Firebolt,Alliances,Spell,red,N,2,,,,,,3,,Deal 2 DMG to target Character.,,machine,https://bluthelden.com/cdn/shop/files/RD_135_Firebolt.png?v=1785846951&width=3200
8903845d1f3f,Firedemon,Alliances,"Character, Demon",red,N,5,2,4,4,3,3,,,"When Firedemon enters play, create a Fire Token in
the War Zone in the same Lane.
If Firedemon would take DMG from Fire, prevent 1 of
that DMG.",,machine,https://bluthelden.com/cdn/shop/files/RD_136_Firedemon.png?v=1785846952&width=3200
a08d84e2532f,Firedragon,Alliances,"Character, Dragon",red,L,5,2,6,4,4,5,,,"When Firedragon attacks, you may pay 2 ASP. If you
do, create 2 Fire Token in the same War Zone and deal
2 DMG to target Character in the same War Zone.
If this Character would take DMG from a Fire, prevent
1 of that DMG.",,machine,https://bluthelden.com/cdn/shop/files/RD_137_Firedragon.png?v=1785846953&width=3200
150eb898a2f8,Fireelemental,Alliances,"Character, Elemental",red,N,3,1,4,2,3,4,,,"When Fireelemental enters play, put a Fire Token into
the War Zone in the same Lane.
If you control a LVL 2 Resource, 2, [Turn]: Rise into
Greater Fireelemental.
If this Character would take DMG from a Fire,
regenerate that much HP to it instead.",,machine,https://bluthelden.com/cdn/shop/files/RD_138_Fireelemental.png?v=1785846953&width=3200
edc9fa8b30bb,Fireimmunity,Alliances,Fundamental Training,red,N,3,,,,,,,,"if trained Character would take DMG from a Fire,
regenerate that much HP instead.",,machine,https://bluthelden.com/cdn/shop/files/RD_139_Fireimmunity.png?v=1785846952&width=3200
709df8ff0342,Firestorm,Alliances,Spell,red,L,5,,,,,,5,,"Create a Fire Token in target War Zone. Then deal 1
DMG for each Fire in that War Zone to any number of
Characters in that Lane.",,machine,https://bluthelden.com/cdn/shop/files/RD_140_Firestorm.png?v=1785846952&width=3200
d7c496f76973,Firewall,Alliances,"Character, Barrier",red,K,2,1,3,2,2,1,,,"This Character gains POW/HP +1/+0 for each Fire in
the same War Zone. If this Character would take DMG
from a Fire, regenerate that much HP to it instead.",,machine,https://bluthelden.com/cdn/shop/files/RD_141_Firewall.png?v=1785846952&width=3200
3418ebf7ed04,Flames of Khrakan,Alliances,Fundamental Training,red,L,3,,,,,,,,"Trained Character gains: 2, [Turn]: Deal 2 DMG to Target
Character in the same Lane. Deal an additional DMG it
you control a Chieftain of War, Strategy or Magic.",,machine,https://bluthelden.com/cdn/shop/files/RD_142_Flames_of_Kharakan.png?v=1785846951&width=3200
22d2d2e8f5a3,Goblin,Alliances,"Character, Goblin",red,K,2,1,2,2,2,2,,,,,machine,https://bluthelden.com/cdn/shop/files/RD_143_GOblin.png?v=1785846951&width=3200
0eeb6f168b47,Goblin Archer,Alliances,"Character, Goblin",red,N,3,1,4,2,2,3,,,"•: Ranged Combat (It deals DMG equal to its Power
to target Character in a War Zone within the same Lane.
Activate only as a combat action and only if this card is in
the Back Row.)",,machine,https://bluthelden.com/cdn/shop/files/RD_144_Goblin_Archer.png?v=1785846952&width=3200
81247977a842,Goblin Fire,Alliances,Spell,red,L,1,,,,,,3,,Deal 1 DMG to every Character in target War Zone.,,machine,https://bluthelden.com/cdn/shop/files/RD_145_Goblin_Fire.png?v=1785846952&width=3200
d4185faa3657,Goblin Skewer,Alliances,"Character, Goblin",red,N,3,1,3,2,2,3,,,,,machine,https://bluthelden.com/cdn/shop/files/RD_146_GOblin_skewer.png?v=1785846952&width=3200
8cbe640fa17d,Goblin Slayer,Alliances,"Character, Goblin",red,K,2,1,2,2,2,3,,,,,machine,https://bluthelden.com/cdn/shop/files/RD_147_GOblin_Slayer.png?v=1785846952&width=3200
7fc4c7c80462,Greater Fireelemental,Alliances,"Character, Elemental",red,N,5,2,6,3,4,5,,,"If you control Fireelemental, you may pay 2 less to
summon Greater Fireelemental.
If you do, Rise Fireelemental. (Place this card on
Fireelemental. Transfer all counters to it. Then destroy
Fireelemental.)
When Greater Fireelemental enters play, create a Fire
Token in the War Zone in the same Lane.
If this Character would take DMG from a Fire,
regenerate that much HP to it instead.
PENSOANTS",,machine,https://bluthelden.com/cdn/shop/files/RD_148_Greater_Fireelemental.png?v=1785846953&width=3200
281a11cbdbd1,Horde Leader,Alliances,"Character, Orc",red,L,4,2,4,4,3,4,,,,,machine,https://bluthelden.com/cdn/shop/files/RD_149_Horde_Leader.png?v=1785846952&width=3200
d6a5766e3923,Mad Pyromancer,Alliances,"Character, Goblin",red,K,4,2,3,3,2,2,,,"When Mad Pyromancer enters play or is turned face
up, create a Fire Token in the War Zone in the same
Lane. Then deal DMG equal to the number of Fire in
that War Zone to target Character in that War Zone.",,machine,https://bluthelden.com/cdn/shop/files/RD_150_Mad_Pyromancer.png?v=1785846952&width=3200
27a5f5f20534,Nahela the Flameborn,Alliances,"Epic Character, Demon",red,L,5,2,2,2,3,4,,,"Nahela the Flameborn enters play with 1 POW/HP+1/+1
counter for each Fire you control in the same Lane.",,machine,https://bluthelden.com/cdn/shop/files/RD_151_Nahela_the_Flameborn.png?v=1785846953&width=3200
74ff265f1364,Novice of Pyrana,Alliances,"Character, Human",red,K,2,1,2,2,3,2,,,"[Turn], sacrifice Novice of Pyrana: Create a Fire Token in
target War Zone.",,machine,https://bluthelden.com/cdn/shop/files/RD_152_Novice_of_pyrana.png?v=1785846952&width=3200
420c126a4826,Orc Archer,Alliances,"Character, Orc",red,N,4,2,3,2,3,4,,,"•: Ranged Combat (It deals DMG equal to its Power
to target Character in a War Zone within the same Lane.
Activate only as a combat action and only if this card is in
the Back Row.)",,machine,https://bluthelden.com/cdn/shop/files/RD_153_ORC_Archer.png?v=1785846953&width=3200
70bc32be5449,Orc Scout,Alliances,"Character, Orc",red,K,2,1,3,2,2,3,,,,,machine,https://bluthelden.com/cdn/shop/files/RD_154_Orc_Scout.png?v=1785846953&width=3200
615fbef8606b,Orcish Warhound,Alliances,"Character, Dog",red,N,2,1,2,2,2,3,,,"When Orcish Warhound enters play, target Character
you control gains lactical Shitt until the end of the
round. (That Character may move once without turning
and using an action.)",,machine,https://bluthelden.com/cdn/shop/files/RD_155_Orcish_Warhound.png?v=1785846952&width=3200
3c65f491156c,Orcish Warrior,Alliances,"Character, Orc",red,K,3,1,4,2,3,3,,,,,machine,https://bluthelden.com/cdn/shop/files/RD_156_Orcish_warrior.png?v=1785846952&width=3200
c316ec4a1418,Pyromancer,Alliances,"Character, Human",red,N,4,2,4,4,3,3,,,®: Create a Fire Token in target War Zone in the same,,machine,https://bluthelden.com/cdn/shop/files/RD_157_Pyromancer.png?v=1785846953&width=3200
4ce6d9a1999d,Pyromancer's Apprentice,Alliances,"Character, Human",red,K,2,1,4,2,2,2,,,"When Pyromancer's Apprentice enters play, create a
Fire Token in target War Zone in the same Lane.",,machine,https://bluthelden.com/cdn/shop/files/RD_158_Pyromancers_Apprentice.png?v=1785846952&width=3200
a2001ffc9d47,Promise of Power,Alliances,Spell,red,K,3,,,,,,,,"Target Character gains POW/HP +2/+0 until the end of
this round. If that Character dies this round, create a
Fire Token in the War Zone of the same Lane.",,machine,https://bluthelden.com/cdn/shop/files/RD_159_Promise_of_Power.png?v=1785846953&width=3200
9bb4ae81d780,Promise of Revenge,Alliances,Spell,red,N,3,,,,,,3,,"Gain control of target Character and place it into a free
Slot in your War Zone in the same Lane.
If it is turned, unturn it.
After the next combat phase, return it to its owner's
control in a free Slot in that player's War Zone in that",,machine,https://bluthelden.com/cdn/shop/files/RD_160_Promise_of_Revenge.png?v=1785846953&width=3200
650793b71594,Reign of Blood,Alliances,Ritual,red,N,4,,,,,,,,"When Reign of Blood enters play, choose a War Zone.
Whenever a Fire deals DMG to a Character in that War
Zone, it deals an additional DMG.",,machine,https://bluthelden.com/cdn/shop/files/RD_161_Reign_of_Blood.png?v=1785846952&width=3200
1d3ab7aa7291,Ring of Fire,Alliances,Mythic Artifact,red,F,3,,,,,,,,": Gain 1 ASP
When Ring of Fire enters play, create a Fire Token in
target War Zone.",,machine,https://bluthelden.com/cdn/shop/files/RD_162_Ring_of_fire.png?v=1785846952&width=3200
f6421928bd28,Sparkling,Alliances,"Character, Elemental",red,K,3,1,4,1,2,2,,,"If Sparkling would take DMG from Fire,
put 1 POW/HP +1/+0 counter on it instead.",,machine,https://bluthelden.com/cdn/shop/files/RD_163_Sparkling.png?v=1785846951&width=3200
4aa539cb048c,Spitefang Marauder,Alliances,"Character, Human",red,K,3,1,3,2,2,3,,,,,machine,https://bluthelden.com/cdn/shop/files/RD_164_Spitefang_Marauder.png?v=1785846952&width=3200
d480aa620db2,War Axe,Alliances,Artifact,red,K,2,,,,,,,,"War Axe enters play turned.
•: Target Character gains POW/HP +2/+0 as long as
War Axe is turned.
You may choose not to unturn War Axe at the
beginning of the round.",,machine,https://bluthelden.com/cdn/shop/files/RD_165_War_axe.png?v=1785846953&width=3200
5f9767d39b8f,War Fire,Alliances,"Character, Elemental",red,K,3,1,2,2,2,2,,,"Whenever War Fire would take DMG from Fire, put 1
POW/HP +1/+0 counter on it instead.",,machine,https://bluthelden.com/cdn/shop/files/RD_166_War_fire.png?v=1785846952&width=3200
64b480d3b944,War Ogre,Alliances,"Character, Orc",red,N,4,2,5,4,2,3,,,,,machine,https://bluthelden.com/cdn/shop/files/RD_167_War_Ogre.png?v=1785846952&width=3200
01d64d9d2eed,Altar of Flames,Alliances,Resource,red,K,,1,,,,,,,"[Turn]: Gain O ASP.
[Turn], sacrifice a Character: Gain 2 ASP.",,machine,https://bluthelden.com/cdn/shop/files/RD_168_altar_of_flames.png?v=1785846952&width=3200
53217df38d9e,"Ashura, Flame of Hatred",Alliances,"Mythic Character, Wizard, Advisor",red,F,6,2,,,4,,,,"When Ashura, Flame of Hatred enters play, you may
sacrifice any number of Fire you control. Then create
that many plus 2 Fire Tokens in target War Zone.
[Turn], sacrifice a Fire: Deal 1 DMG to target Character in
a War Zone.",,machine,https://bluthelden.com/cdn/shop/files/RD_169_AShura_flame_of_hatred.png?v=1785846953&width=3200
e8df2f3ad3d5,Burning Pits,Alliances,Resource,red,L,,2,,,,,,,"®: Gain O ASP.
2, [Turn]: Create a Fire Token in the War Zone in the same",,machine,https://bluthelden.com/cdn/shop/files/RD_170_Burning_Pits.png?v=1785846951&width=3200
ed746274b2af,Citadel of the Orc King,Alliances,Mythic Resource,red,F,,2,,,,,,,"[Turn]: Gain O ASP, then gain an additional O ASP for
each Chieftain you control.",,machine,https://bluthelden.com/cdn/shop/files/RD_171_Citadel_of_the_Orc_King.png?v=1785846952&width=3200
31b7c467db42,Goblin Priest,Alliances,"Character, Goblin",red,N,2,1,4,2,2,2,,,•: Gain O ASP as long as this Character remains,,machine,https://bluthelden.com/cdn/shop/files/RD_172_GOblin_Priest.png?v=1785846951&width=3200
c98adf023947,Living Flame,Alliances,"Character, Elemental",red,K,2,1,2,1,2,2,,,"When Living Flame enters play, create a Fire Token in
the War Zone of the same Lane.
: Gain 1 ASP as long as Living Flame remains Bound.",,machine,https://bluthelden.com/cdn/shop/files/RD_173_Living_Flame.png?v=1785846953&width=3200
aefc38f6c6ee,Marshall of the Burning Plains,Alliances,"Character, Orc",red,N,3,2,2,3,3,2,,,"®: Gain 1 ASP, as long as this Character remains
Bound. Gain 2 ASP instead if you control a Chieftain
of Strategy in the same Lane.",,machine,https://bluthelden.com/cdn/shop/files/RD_174_Marshall_of_the_Burning_Plains.png?v=1785846953&width=3200
c865ff5e6432,Orc Village,Alliances,Resource,red,N,,1,,,,,,,"®: Gain O ASP.
2, [Turn]: Create a 3/2 Orc Fighter Token with Horde in the
same Lane.
ODANNARE TAEC",,machine,https://bluthelden.com/cdn/shop/files/RD_175_Orc_Village.png?v=1785846951&width=3200
bdc0f4ec1b66,Topsoil of the Goblins,Alliances,Resource,red,L,,2,,,,,,,"[Turn]: Gain O ASP, gain 2 ASP instead if you control at
least 3 Characters with Horde.",,machine,https://bluthelden.com/cdn/shop/files/RD_176_Topsoil_of_the_Goblins.png?v=1785846950&width=3200
0e3719b0cb7b,Chieftain of Magic,Alliances,"Mythic Fundamental Training, Token",red,T,,,,,,,,,"Trained Character becomes a Chieftain of Magic in
addition to its other Card Types.
Other Characters with Horde in the same Lane gain
RES+1 for each Character with Horde you control in
that Lane.",,machine,https://bluthelden.com/cdn/shop/files/RD_TK_177_Chieftain_of_Magic.png?v=1785846951&width=3200
d0fcb45f76b0,Chieftain of Strategy,Alliances,"Mythic Fundamental Training, Token",red,T,,,,,,,,,"Trained Character becomes a Chieftain of Strategy in
addition to its other Card Types.
Other Characters with Horde in the same Lane gain
INI+1 for each Character with Horde you control in
that Lane.",,machine,https://bluthelden.com/cdn/shop/files/RD_TK_178_Chieftain_of_Strategy.png?v=1785846952&width=3200
f5b645646f83,Chieftain of War,Alliances,"Mythic Fundamental Training, Token",red,T,,,,,,,,,"Trained Character becomes a Chieftain of War in
addition to its other Card Types.
Other Characters with Horde in the same Lane gain
POW/HP+1/+0 for each Character with Horde you
control in that Lane.",,machine,https://bluthelden.com/cdn/shop/files/RD_TK_179_Chieftain_of_war.png?v=1785846952&width=3200
07038d97e96a,Orc Fighter,Alliances,"Character, Orc",red,K,3,1,3,2,2,3,,,,,machine,https://bluthelden.com/cdn/shop/files/RD_TK_180_Orc_Fighter.png?v=1785846951&width=3200
e29acf80a9f4,Fire,Alliances,Fire Token,red,T,,,,,,,,,"Place Fire only in a War Zone. It doesn't occupy a Slot.
At the end of combat this deals 1 DMG to each
Character in the same War Zone.
2: Banish this Token. Every Player may activate this",,machine,https://bluthelden.com/cdn/shop/files/RD_TK_04_fIRE.png?v=1782382063&width=3200
627fc4a92dc4,Rerkis Flag of the Hordes,Alliances,Mythic Artifact,red,L,3,,,,,,,,"Characters with Horde you control gain RES+1, INI+1
and POW/HP +1/+0.
1: Create a Fire Token in target War Zone. Activate
only if you control a Chieftain of War, Magic and",,machine,https://bluthelden.com/cdn/shop/files/RD_D-36_Rerkis_Flag_of_the_Hordes.png?v=1782382062&width=3200
043b5b497399,Ogre,Alliances,"Character, Ogre",red,K,4,2,5,3,3,3,,,,,machine,https://bluthelden.com/cdn/shop/files/RD_D-28_Ogre.png?v=1782382065&width=3200
a0aef33a3c97,War Drums of the Horde,Alliances,Artifact,red,L,3,,,,,,,,"War Drums of the Horde enters play with 2 Drum
counters on it.
Remove 1 Drum counter: Characters with Horde you
control, gain POW/HP +1/+0 until the end of this
Whenever a Character with Horde you control dies,
put a Drum counter on War Drums of the Horde.",,machine,https://bluthelden.com/cdn/shop/files/RD_D-42_War_Drums.png?v=1782382063&width=3200
b95337f64d3a,"Zura, Keeper of the Oaths",Alliances,"Mythic Character, Orc Advisor",red,F,5,2,,,5,,,,"When Zura, Keeper of the Oaths enters play, create a
Mythic Chieftain of War, Magic or Strategy Training
Token and attach it to target Character with Horde
you control.
: Gain 1 ASP if you control a Chieftain of Magic. Put
1INI+1 Counter on target Character with Horde, if you
control a Chieftain of Strategy. Put 1 POW/HP+1/+1
Counter on target Character with Horde, if you control
a Chieftain of War.
HANNISSEC TUICH",,machine,https://bluthelden.com/cdn/shop/files/RD_D-60_Orc_Advisor.png?v=1782382064&width=3200
0e839fb7836a,"Pyrana, The Ember-Priestress",Alliances,Red Sovereign,red,F,,,,,,,,30,"•, Pay 1 LP: Gain O ASP.
[Turn], Pay 3 LP: Create a Fire Token in each War Zone.
[Turn], sacrifice any number of Fire: Gain O ASP for each
Fire you sacrificed, then lose that much LP.","'+1
+2",machine,https://bluthelden.com/cdn/shop/files/RD_D-00_Pyrana_Ember_Priestres.png?v=1782382064&width=3200
64621f0c3cc4,"Miralyn Windblade, Bearer of the Covenant",Alliances,Purple Sovereign,purple,F,,,,,,,,20,"All Fairies you control have Fairy Dust (Every time this
Character would deal DMG to a Character your opponenu
controls, put that many RES-1 counter on it instead. If that
Character's RES becomes O or less this way, banish it.)
, Pay 1 LP: Gain 1 ASP.
Pay 1 LP: Create an Alliance Training Token and attach
it to target Fairy Character you control. Use this ability
only once per round",'+2,machine,https://bluthelden.com/cdn/shop/files/PU_182__Miralyn_Windblade_Bearer_of_the_Covenant.png?v=1785845291&width=3200
6ba73460db36,"Lysera, The Last Light Fairy",Alliances,Purple Sovereign,purple,F,,,,,,,,20,"Fairies you control have Speed (they don't turn, when
performing a combat action.)
®, pay 1 LP: Gain 1 ASP.
•: Put 1 RES+1 counter on target Fairy.",'+2,machine,https://bluthelden.com/cdn/shop/files/PU_183_Lysera_The_Last_Light_Fairy.png?v=1785845291&width=3200
2e0c589aa407,Arcane Spider,Alliances,"Character, Spider",purple,N,4,2,2,4,3,2,,,"When Arcane Spider enters play or is turned face up,
banish target other Character in the same Lane. When
Arcane Spider leaves play, return that Character into play
in a Slot of its owner's choice.",,machine,https://bluthelden.com/cdn/shop/files/PU_184_Arcane_Spider.png?v=1785845291&width=3200
c7c6ea27ae70,"Akrasha, the Warden",Alliances,"Character, Arcane",purple,L,3,2,3,4,4,4,,,"Teleport (Characters with Teleport may move into the
adjacent Lane in the same Zone.)",,machine,https://bluthelden.com/cdn/shop/files/PU_185_Akrasha_the_Warden.png?v=1785845291&width=3200
24c584d49f03,Amulet of Isa,Alliances,Artifact,purple,L,2,,,,,,,,"When Amulet of Isa enters play you may look at your
opponent's hand and put 1 Alertness counter on it.
1, remove 1 Alertness counter: Neutralize target Spell
or target permanent card on the reaction chain your
opponent controls. (Put it from the reaction chain into its
owner's Graveyard)
Whenever a Character you control with Alliance dies,
you may pay 2. If you do put 1 Alertness counter on
this Artifact.",,machine,https://bluthelden.com/cdn/shop/files/PU_186_Amulet_of_Isa.png?v=1785845291&width=3200
5abb5fa55bbf,Banner of the Alliance,Alliances,Mythic Artifact,purple,L,3,,,,,,,,"When Banner of the Alliance enters play, create one 1/2
Fighting Fairy Character Token with Flying and Alliance.
1: Create an Alliance Training Token and attach it to
target Fairy Character you control.",,machine,https://bluthelden.com/cdn/shop/files/PU_187_Banner_of_the_Alliance.png?v=1785845290&width=3200
8fc17622e8b2,Binding Charm,Alliances,Spell,purple,K,2,,,,,,,,"Target Slot in a War Zone becomes occupied until the
end of the round. (Characters can't be placed into that",,machine,https://bluthelden.com/cdn/shop/files/PU_188_Binding_Charm.png?v=1785845290&width=3200
23f1ff806d92,Captain of the Winged Blades,Alliances,"Character, Fairy",purple,L,4,2,2,4,5,5,,,"If you control Member of the Windbladeguard, you may
pay 2 less to summon Captain of the Winged Blades.
If you do, Rise Member of the Windbladeguard.
® or pay 2: Switch this Character's POW
and RES until the end of this round.",,machine,https://bluthelden.com/cdn/shop/files/PU_189_Captain_of_the_winged_blades.png?v=1785845291&width=3200
6840d76973bd,Combat Fae,Alliances,"Character, Fairy",purple,N,3,1,4,3,3,4,,,"Empower - © or pay 2: Switch this Character's POW
and RES until the end of this round.",,machine,https://bluthelden.com/cdn/shop/files/PU_190_Combat_Fae.png?v=1785845291&width=3200
c15fb2627bef,Crest of the Windbladeguard,Alliances,Artifact,purple,K,3,,,,,,,,"When Crest of the Windbladeguard enters play, switch
the RES and POW of target Fairy you control until the end
of this round.
2 Q: Switch the RES and POW of target Fairy you
control until this end of round.",,machine,https://bluthelden.com/cdn/shop/files/PU_191_Crest_of_the_windblade.png?v=1785845291&width=3200
12815c4656d2,Dizziness,Alliances,Spell,purple,N,3,,,,,,5,,"Turn target Character. It doesn't unturn at the
beginning of the next round.",,machine,https://bluthelden.com/cdn/shop/files/PU_192_Dizziness.png?v=1785845289&width=3200
8184ddead42c,Enchanted Trinket,Alliances,Fundamental Training,purple,K,2,,,,,,,,"Trained Character gains POW/HP +1/+0.
At the beginning of your turn, you may return this
card to your hand. If you do, draw a card.",,machine,https://bluthelden.com/cdn/shop/files/PU_193_Enchanted_Trinket.png?v=1785845289&width=3200
4243c9ddcd42,Fairy Smith,Alliances,"Character, Fairy",purple,L,3,1,2,3,3,2,,,"2, ®: Put 1 RES+1 counter on target Character you",,machine,https://bluthelden.com/cdn/shop/files/PU_194_fairy_smith.png?v=1785845292&width=3200
aa262239e28d,Fairy of Battle,Alliances,"Character, Fairy",purple,K,3,1,2,3,3,3,,,Veil (Characters with Veil cannot be attacked using Ranged,,machine,https://bluthelden.com/cdn/shop/files/PU_195_Fairy_of_Battle.png?v=1785845291&width=3200
10c83e8cf247,"Fraya, Baroness of Truth",Alliances,"Epic Character, Fairy",purple,K,4,2,4,3,5,5,,,"Empower - ® or pay 2: Switch this Character's POW
and RES until the end of this round.",,machine,https://bluthelden.com/cdn/shop/files/PU_196_Fraya_baroness_of_truth.png?v=1785845291&width=3200
17dda1ada648,Golden Orchard,Alliances,Mythic Artifact,purple,F,3,,,,,,,,"2: Put 2 RES-1 counter on target Fairy you control, if
you do, gain 3 ASP. Then, it that Character has 0 or
less RES, banish it.",,machine,https://bluthelden.com/cdn/shop/files/PU_197_golden_orchard.png?v=1785845290&width=3200
8101fe7b71b4,Guardian of the Last Light,Alliances,"Character, Fairy",purple,K,3,2,2,2,2,2,,,"®, put 1 RES-1 counter on Guardian of the Last Light:
Create an Alliance Training Token and attach it to this
Character. Then, if its RES is 0 or less, banish Guardian of
the Last Light.",,machine,https://bluthelden.com/cdn/shop/files/PU_198_guardian_of_the_last_light.png?v=1785845290&width=3200
03059d97f2e0,Gremlins,Alliances,"Character, Fairy",purple,K,3,1,2,1,2,2,,,"When Gremlins enters play, destroy target Artifact.",,machine,https://bluthelden.com/cdn/shop/files/PU_199_gremlins.png?v=1785845290&width=3200
1421b3f35361,Honor Guard,Alliances,"Character, Fairy",purple,N,4,2,2,4,4,3,,,,,machine,https://bluthelden.com/cdn/shop/files/PU_200_honor_guard.png?v=1785845291&width=3200
21568c8e3fa5,Illusion Dust,Alliances,Spell,purple,N,4,,,,,,,,"Return target Artifact, Ritual or Training to its owner's",,machine,https://bluthelden.com/cdn/shop/files/PU_201_Illusion_Dust.png?v=1785845290&width=3200
4aad05bc0f91,Illuminated Fairy,Alliances,"Character, Fairy",purple,N,2,1,1,2,2,4,,,"When Illuminated Fairy attacks, Characters your
opponent controls in the same War Zone gain RES-1 until
the end of the round.",,machine,https://bluthelden.com/cdn/shop/files/PU_202_illuminated_fairy.png?v=1785845291&width=3200
9499f046ead7,Lysera's Blessing,Alliances,Training,purple,K,3,,,,,,4,,Switch trained character's RES and POW,,machine,https://bluthelden.com/cdn/shop/files/PU_203_lyserias_blessing.png?v=1785845291&width=3200
992d501c0b65,Magical Infusion,Alliances,Spell,purple,K,2,,,,,,,,"Put 1 RES+1 counter on target Character. Then, if that
character's RES is 4 or greater, use String of Destiny
2. (Look at the 2 top or bottom cards of your Spell Deck.
You nay put them on top or bottomof your Spel Deck in",,machine,https://bluthelden.com/cdn/shop/files/PU_204_Magical_infusion.png?v=1785845290&width=3200
f747ac0f60e0,Magical Raindrop,Alliances,Fundamental Training,purple,N,2,,,,,,,,"Trained Character gains RES+1 and
1, Put 1 RES-1 counter on the trained Character: Put
1 POW/HP +0/+2 counter on target other Character in
the same Lane. Then, if the trained Character has 0 or
less RES, banish it.",,machine,https://bluthelden.com/cdn/shop/files/PU_205_Magical_Raindrop.png?v=1785845291&width=3200
ccd5e75f62dc,Member of the Winged Blades,Alliances,"Character, Fairy",purple,N,2,1,2,2,3,3,,,"If you control a LVL 2 Resource, 2, Q: Rise into
Captain of the Winged Blades.",,machine,https://bluthelden.com/cdn/shop/files/PU_206_Member_of_the_Winged_Blades.png?v=1785845290&width=3200
5bc9f7f0547f,Messenger Fae,Alliances,"Character, Fairy",purple,K,2,1,4,2,3,4,,,®: Return Messenger Fae to its owner's hand.,,machine,https://bluthelden.com/cdn/shop/files/PU_207_messenger_fae.png?v=1785845291&width=3200
d5a57cc9caf2,Messenger of the Last Light,Alliances,"Character, Fairy",purple,K,3,1,2,2,3,3,,,,,machine,https://bluthelden.com/cdn/shop/files/PU_208_messenger_of_the_last_light.png?v=1785845290&width=3200
a76a865aa289,Mirage Squadron,Alliances,"Character, Fairy",purple,N,5,2,2,4,4,4,,,"Empower - • or pay 2: Mirage Squadron gains
Two-Handed Combat until the end of this round.",,machine,https://bluthelden.com/cdn/shop/files/PU_209_mirage_squadron.png?v=1785845291&width=3200
1fb391b0cdb0,Not Your Time,Alliances,Spell,purple,K,2,,,,,,3,,Return target Character to its owner's hand.,,machine,https://bluthelden.com/cdn/shop/files/PU_210_not_your_time.png?v=1785845290&width=3200
989ffe1b0d46,Oracle,Alliances,Spell,purple,N,2,,,,,,,,"You may cast Oracle only, if you control a LVL2
Resource. Rise target LVL1 Fairy you control into
Fraya, Baroness ot Truth.",,machine,https://bluthelden.com/cdn/shop/files/PU_211_oracle.png?v=1785845291&width=3200
4ac79013c348,Pact with a Fae,Alliances,Fundamental Training,purple,L,4,,,,,,4,,"When Pact with a Fae enters play, choose two:
• Switch trained character's RES and POW values,
• trained Character gains Barrier or
• trained Character gains
«O, [Turn]: Use String of Destiny 1.""",,machine,https://bluthelden.com/cdn/shop/files/PU_212_Pact_With_a_fae.png?v=1785845290&width=3200
e3dce45a60bd,Pixie Assassin,Alliances,"Character, Fairy",purple,N,3,1,2,2,3,3,,,"®, put 1 RES-1 counter on this Character: Put 1
Madness counter on target Character in the same Lane.
Then if Pixie Assassin's RES is 0 or less, banish it.",,machine,https://bluthelden.com/cdn/shop/files/PU_213_Pixie_Assassin.png?v=1785845291&width=3200
25ff21c84d82,Pixie Trickster,Alliances,"Character, Fairy",purple,L,3,2,1,3,3,3,,,"X: Gain control of target Artifact an opponent
controls if its ASP cost is equal to X or less. Put X RES-1
counters on Pixie Trickster. Then, if Pixie Tricksters RES
becomes 0 or less this way, banish it.",,machine,https://bluthelden.com/cdn/shop/files/PU_214_pixie_trickster.png?v=1785845290&width=3200
2f916ad3697e,Pollen Fairy,Alliances,"Character, Fairy",purple,K,2,1,1,2,3,3,,,"•: Ranged Combat (It deals DMG equal to its Power
to target Character in a War Zone within the same Lane.
Activate only as combat action and only if this card is in the
Back Row.)",,machine,https://bluthelden.com/cdn/shop/files/PU_215_Pollen_FAiry.png?v=1785845291&width=3200
ebfae2ef5d6f,Pollen Gun,Alliances,"Character, Fairy",purple,N,3,2,2,2,4,3,,,"®: Ranged Combat (It deals DMG equal to its Power
to target Character in a War Zone within the same Lane.
Activate only as combat action and only if this card is in the
Back Row.)
: Put 1 RES-1 counter on target Character in the
same Lane.",,machine,https://bluthelden.com/cdn/shop/files/PU_216_Pollen_Gun.png?v=1785845290&width=3200
90afc4c5f96a,Pollen Projectile,Alliances,Spell,purple,N,2,,,,,,,,Put 1 RES-1 counter on up to two target Characters.,,machine,https://bluthelden.com/cdn/shop/files/PU_217_Pollen_Projectile.png?v=1785845291&width=3200
addd30b708e5,Protector of the Mirrorblossom,Alliances,"Character, Human",purple,N,4,2,2,6,4,4,,,"Sacrifice Protector of the Mirrorblossom: Redirect the
next DMG a Fairy you control would take this round to a
Character your opponent controls instead.",,machine,https://bluthelden.com/cdn/shop/files/PU_218_Protector_of_the_mirrorblossom.png?v=1785845291&width=3200
ee7100387dc4,Redcaps,Alliances,"Character, Fairy",purple,N,4,2,3,3,2,3,,,First Damage,,machine,https://bluthelden.com/cdn/shop/files/PU_219_Red_Caps.png?v=1785845290&width=3200
054815cfe115,Ring of the Fairies,Alliances,Mythic Artifact,purple,F,2,,,,,,,,"®: Gain 1 ASP.
Whenever you return a permanent to its owner's
hand, use String of Destiny 2. (Look at the 2 top or
bottom cards ofyour Spell Deck. You may put them on top or
bottom of your Spell Deck in any order.)",,machine,https://bluthelden.com/cdn/shop/files/PU_220_Ring_Of_The_Fairies.png?v=1785845289&width=3200
fad2fe578c3f,Seal of the Last Light,Alliances,Ritual,purple,K,4,,,,,,,,"When Seal of the Last Light enters play, choose target
Slot in a War Zone. As long as this Ritual is in play, that
Slot counts as occupied. (Characters can't be placed into
that Slot.)",,machine,https://bluthelden.com/cdn/shop/files/PU_221_seal_of_the_last_light.png?v=1785845290&width=3200
f6d7609b7263,Soldiers of the Covenant,Alliances,"Character, Fairy",purple,K,3,1,2,3,2,3,,,,,machine,https://bluthelden.com/cdn/shop/files/PU_222_Soldiers_of_the_covenant.png?v=1785845292&width=3200
3593e3282a79,Soul Recall,Alliances,Spell,purple,L,4,,,,,,4,,"Return up to four target Characters you control to
their owner's hand. Then return that many Characters
your opponent controls to their owner's hand.",,machine,https://bluthelden.com/cdn/shop/files/PU_223_Soul_REcall.png?v=1785845290&width=3200
abc0c7349d44,Starlight,Alliances,Spell,purple,K,1,,,,,,4,,Target Character gains Flying until the end of the next,,machine,https://bluthelden.com/cdn/shop/files/PU_224_Starlight.png?v=1785845289&width=3200
0c25711990b1,Stellar Magic,Alliances,Spell,purple,N,3,,,,,,5,,"Return an Artifact, Character, Ritual or Training to its
owner's hand.",,machine,https://bluthelden.com/cdn/shop/files/PU_225_Stellar_Magic.png?v=1785845291&width=3200
a94354042837,Summoning of the Protector,Alliances,Ritual,purple,F,5,,,,,,,,"When this Ritual enters play, create one 1/2 Fighting
Fairy Character Token with Flying and Alliance. It
gains Untargetable until the end of this round.
Second Round: At the beginning of your turn, use
String of Destiny 4.
Third Round: At the beginning of your turn, reveal the
top card of your Spell Deck. If it is a Character card, put
it into play in target Slot. Then sacrifice this Ritual.",,machine,https://bluthelden.com/cdn/shop/files/PU_226_Summoning_of_theProtector.png?v=1785845291&width=3200
80f41aedc1b9,Voice of the Fae Court,Alliances,"Character, Fairy",purple,K,3,1,2,2,3,2,,,"When Voice of the Fae Court enters play, target Character
in the same Lane gains Untargetable until the end of the",,machine,https://bluthelden.com/cdn/shop/files/PU_227_Voice_of_the_fae_court.png?v=1785845291&width=3200
719f76cd9ea5,Whispering Pixie,Alliances,"Character, Fairy",purple,L,4,2,2,3,3,4,,,"When Whispering Pixie enters play, use String of
Destiny 2. (Look at the 2 top or bottom cards of your Spell
Deck. You may put them on top or bottom of your Spell Deck
in any order.)",,machine,https://bluthelden.com/cdn/shop/files/PU_228_WHispering_Pixie.png?v=1785845291&width=3200
818cf70fa568,Wise Fairy,Alliances,"Character, Fairy",purple,K,4,2,1,3,3,3,,,"[Turn]: Use String of Destiny 2. (Look at the 2 top or bottom
cards ofyour Spell Deck. You may put them on top or bottom
ofyour Spell Deck in any order.)",,machine,https://bluthelden.com/cdn/shop/files/PU_229_Wise_FAiry.png?v=1785845291&width=3200
d8f7d89a5bf2,Forest of Wishes,Alliances,Resource,purple,L,,2,,,,,,,"®: Gain 1 ASP. Gain 2 ASP instead, if you control a
Character with Alliance in the same Lane.",,machine,https://bluthelden.com/cdn/shop/files/PU_230_Forest_of_Wishes.png?v=1785845291&width=3200
8bd46d15cb21,Lysana's Creation,Alliances,Resource,purple,N,,1,,,,,,,"If a Character you control with Alliance in the same
Lane would take DMG, reduce it by 1.
®: Gain 1 ASP.",,machine,https://bluthelden.com/cdn/shop/files/PU_231_Lysanas_Werk.png?v=1785845290&width=3200
94d4ccbcb2da,Nimblefix,Alliances,"Character, Fairy",purple,N,3,1,4,2,3,3,,,"When Nimblefix enters play, target Character in the same
Lane gains 1 RES-1 counter.
®: Gain 1 ASP as long as this Character remains Bound.",,machine,https://bluthelden.com/cdn/shop/files/PU_232_Nimblefix.png?v=1785845291&width=3200
e9af0ff2a0c6,Path of Dreams,Alliances,Resource,purple,L,,2,,,,,,,"•: Gain 1 ASP.
Whenever you use String of Destiny, use that much
plus 1 instead.",,machine,https://bluthelden.com/cdn/shop/files/PU_233_Path_of_dreams.png?v=1785845291&width=3200
b8ebc94d3268,Pollen Field,Alliances,Resource,purple,L,,2,,,,,,,"•: Gain 1 ASP.
When Pollen Field enters play, your Sovereign
regenerates 1 LP. Whenever a Character you control
gains Alliance, your Sovereign regenerates 1 LP.",,machine,https://bluthelden.com/cdn/shop/files/PU_234_Pollen_Field.png?v=1785845291&width=3200
885b201221cc,The Cat,Alliances,"Character, Fairy Cat",purple,N,3,2,2,2,3,3,,,"When The Cat enters play, create one 1/2 Fighting Fairy
Character Token with Flying and Alliance.
•: Gain 1 ASP as long as this Character remains Bound.",,machine,https://bluthelden.com/cdn/shop/files/PU_235_the_cat.png?v=1785845291&width=3200
478e10ba5a8f,Twilight Grove,Alliances,Resource,purple,K,,1,,,,,,,"Twilight Grove enters play with 2 Light counters on it.
®: Gain 1 ASP.
, remove a Light counter: Put 1 RES+1 counter on
target Character in the same Lane.",,machine,https://bluthelden.com/cdn/shop/files/PU_236_Twillight_grove.png?v=1785845291&width=3200
1c4fb54e9dbc,"Vindariell, Protector of the Gates",Alliances,"Mythic Character, Fairy Advisor",purple,F,5,2,,,4,,,,"Advisor (You have to place this card in the Advisor slot. It is
still a Character that can be the target of spells or abilities.)
When Vindariell, Protector of the Gates enters play,
create one 0/6 Barrier Between The Worlds Character
Token with Barrier.
: Switch the RES and POW of target Character
until the end of this round.",,machine,https://bluthelden.com/cdn/shop/files/PU_237_Vindariell_Protector_of_the_Gates.png?v=1785845291&width=3200
a807a16c7e1c,Wondrous Clearing,Alliances,Resource,purple,N,,1,,,,,,,"When Wondrous Clearing enters play, use String of
Destiny 2. (Look at the 2 top or bottom cards ofyour Spell
Deck. You may put them on top or bottom of your Spell Deck
in any order.)
®: Gain 1 ASP.",,machine,https://bluthelden.com/cdn/shop/files/PU_238_Wonderos_Clearing.png?v=1785845290&width=3200
f52e689e92b1,Alliance Token,Alliances,"Fundamental Training, Token",purple,T,,,,,,,,,"When this Training enters play, regenerate 1 LP to
your Sovereign. Trained Character gains Alliance.
(Ifyour Sovereign would take DMG from any combat
actions, you may redirect that DMG to trained Character
instead.)",,machine,https://bluthelden.com/cdn/shop/files/PU_239_Alliance_Token.png?v=1785845290&width=3200
d79dab2b091f,Fighting Fairy,Alliances,"Token Character, Fairy",purple,T,,,4,2,2,3,,,"Alliance (Ifyour Sovereign would take DMG from any
combat actions, you may redirect that DMG to trained
Character instead.)",,machine,https://bluthelden.com/cdn/shop/files/PU_240_Fighting_Fairy_Token.png?v=1785845291&width=3200
43fd93c49b9a,Barrier between the Worlds,Alliances,"Token Character, Barrier",purple,T,,,0,6,3,1,,,,,machine,https://bluthelden.com/cdn/shop/files/PU_241_Barrier_Between_worlds_Token.png?v=1785845290&width=3200
ce4f3621f0c2,Fairy of the Wind,Alliances,"Character, Fairy",purple,F,4,2,2,3,4,4,4,,"440 C4 1/23
When Fairy of the Wind enters play, return up to 3
Characters your opponent controls and up to one Artifact
or Ritual to its owners' hand.
Veil (Characters with Veil cannot be attacked using Ranged",,machine,https://bluthelden.com/cdn/shop/files/PU_D-15_Fairy_of_Wind.png?v=1783244419&width=3200
30333fcbad37,Lysana's Legacy,Alliances,Mythic Artifact,purple,L,3,,,,,,,,"•: Target Character you control with Alliance
becomes Untargetable until the end of the round.",,machine,https://bluthelden.com/cdn/shop/files/PU_D-19_Lysanas_Vermaechtnis.png?v=1783244419&width=3200
966c146e35a0,Pixie Dust,Alliances,Fundamental Training,purple,N,3,,,,,,4,,"Everytime trained Character would take DMG, put
that many RES-1 counters on it instead. If its RES
becomes O or less this way, banish that Character.
When this Training enters play, deal 1 DMG to the
trained Character.",,machine,https://bluthelden.com/cdn/shop/files/PU_D-26_Pixie_DUst.png?v=1783244418&width=3200
eff2bdddadea,"Avenya, Lysana’s Daughter",Alliances,"Mythic Character, Fairy Advisor",purple,F,5,2,,,5,,,,"Advisor (You have to place this card in the Advisor slot. It is
still a Character that can be the target of spells or abilities.)
®: Put 1 POW/HP +0/+1 counter on target Character.
Then use String of Destiny 2. (Look at the 2 top or bottom
cards ofyour Spell Deck. You may put them on top or bottom
ofyour Spell Deck in any order.)",,machine,https://bluthelden.com/cdn/shop/files/PU_D-43_Avenya_Lysana_s_Daughter.png?v=1783244418&width=3200
102f4d37abf3,"Lysera, The Last Light Fairy",Alliances,Purple Sovereign,purple,F,,,,,,,,20,"Fairies you control have Speed (they don't turn, when
performing a combat action.)
®, Pay 1 LP: Gain 1 ASP.
1, [Turn]: Put 1 RES+1 counter on target Fairy.",'+2,machine,https://bluthelden.com/cdn/shop/files/PU_D_00_Lysera_The_Last_Light_Fairy.png?v=1783244419&width=3200
ecd35b198562,Ambush,Alliances,Equilibra Spell,grey,L,4,,,,,,4,,"All Characters in target Lane lose their Rule Text until
the end of the round.",,machine,https://bluthelden.com/cdn/shop/files/EQ_242_Ambush.png?v=1789038817&width=3200
1677235f1036,Antimagic,Alliances,Equilibra Spell,grey,K,3,,,,,,,,"Destroy target Artifact, Ritual or Training.",,machine,https://bluthelden.com/cdn/shop/files/EQ_243_ANTIMAGIC_Muhammad_Fatih.png?v=1789038816&width=3200
153fde0fe264,Diverted Power,Alliances,Equilibra Spell,grey,N,2,,,,,,3,,"Deal 1 DMG to target Character or reduce 1 LP to
target Sovereign. Draw one card, then discard one at
the end of your turn.",,machine,https://bluthelden.com/cdn/shop/files/EQ_244_DIVERTED_POWER_Amar_Sekarwangi.png?v=1789038817&width=3200
c6ef568a6f47,Equilibra's Resource,Alliances,Equilibra Resource,grey,L,,2,,,,,,,"[Turn]: Gain O ASP. Until the end of the round, the next
card you play from your hand, that has additional ASP
costs from your Sovereign costs 1 ASP less to play.",,machine,https://bluthelden.com/cdn/shop/files/EQ_245_Equilibra_s_Resource.png?v=1789038817&width=3200
e56b1116c04c,Forge,Alliances,Equilibra Resource,grey,K,,1,,,,,,,'@: Gain 1 ASP.,,machine,https://bluthelden.com/cdn/shop/files/EQ_246_FORGE_Anthony_Catillaz.png?v=1789038818&width=3200
22ccddbf4169,Karma Hatchling,Alliances,Spell,grey,K,2,,,,,,4,,"If target Character deals DMG during the next combat
phase, it takes the same amount in return.",,machine,https://bluthelden.com/cdn/shop/files/EQ_247_KARMA_HATCHLING_Jounes_Erojo.png?v=1789038818&width=3200
389e8e23ea2f,Priest,Alliances,Equilibra Character,grey,K,1,1,4,2,4,2,,,"•: Gain 1 ASP, as long as this Character remains",,machine,https://bluthelden.com/cdn/shop/files/EQ_248_PRIEST_Amar_Sekarwangi.png?v=1789038817&width=3200
bd1645f1f645,Sanctuary of Hope,Alliances,Equilibra Resource,grey,L,,2,,,,,,,"Sanctuary of Hope enters play with 2 Hope counters.
Remove 1 Hope counter, banish two cards from your
hand: Gain 2 ASP.
[Turn]: Gain O ASP.",,machine,https://bluthelden.com/cdn/shop/files/EQ_249_Sanctuary_of_Hope.png?v=1789038817&width=3200
15c52715d62e,Rune of Balance,Alliances,"Equilibra Resource, Rune",grey,F,,,,,,,,,"Rune (You have to place this card in the Rune Slot at the
beginning of the game.)
•: Gain 2 ASP as long as you control at least two
Permanents with different colors.
[Turn]: Search your pool for an Advisor, a Character with
Binding, or a Resource card and reveal it. Place the
searched card in its designated Slot without paying
any costs. Then shuffle your pool.",,machine,https://bluthelden.com/cdn/shop/files/EQ_250_Rune_of_balance.png?v=1789038817&width=3200
6cd15fec7ab8,"Rha'Velkor, Tribal Chief",Alliances,Blue Sovereign,blue,F,,,,,,,,30,", Pay 1 LP: Gain 1 ASP.
, Pay 2 LP: Create a Shield of Water Training Token
and attach it to target Character. (It has &The next time
trained Character would take DMG, prevent that DMG,
then sacrifice all Shield of Water Trainings attached to it.""
1, Pay 4 LP: Unturn all Characters you controll in target
Lane. You may use this ability only once per round.",'+2,machine,https://bluthelden.com/cdn/shop/files/BL_D-01_Rha_Velkor__Tribal_Chief.png?v=1781882024&width=3200
c65246eb6f2b,Sovereign's Rune,Alliances,"Equilibra Resource, Rune",grey,F,,,,,,,,,"Rune (You have to place this card in the Rune Slot at the
beginning of the game.)
•: Gain 1 ASP.
[Turn]: Search your pool for an Advisor, a Character with
Binding, or a Resource card and reveal it. Place the
searched card in its designated Slot without paying
any costs. Then shuffle your pool.",,machine,https://bluthelden.com/cdn/shop/files/BL_D-02_Rune.png?v=1781882023&width=3200
2f06d6c56adb,Antimagic,Alliances,Equilibra Spell,grey,K,3,,,,,,,,"Destroy target Artifact, Ritual or Training.",,machine,https://bluthelden.com/cdn/shop/files/BL_D-03_ANTIMAGIC_Muhammad_Fatih_20250409.png?v=1781882024&width=3200
c02457edf093,Antimagic,Alliances,Equilibra Spell,grey,K,3,,,,,,,,"Destroy target Artifact, Ritual or Training.",,machine,https://bluthelden.com/cdn/shop/files/BL_D-04_ANTIMAGIC_Muhammad_Fatih_20250409.png?v=1781882023&width=3200
0c3ed446b2ef,Astral Lizard,Alliances,"Character, Lizard",blue,K,2,1,2,3,3,2,,,"Magic Control (Whenever this Character becomes the
target of a Spell or Ability your opponent controls, if it is
unturned, reduce the Spellpower of that Spell or Ability by 1.
IJ it has no Spellpower value, it gains Spelpower equal to 5
minus this Character's RES instead.)",,machine,https://bluthelden.com/cdn/shop/files/BL_D-05_Astral_Lizard.png?v=1781882024&width=3200
820759ae6ba3,Astral Lizard,Alliances,"Character, Lizard",blue,K,2,1,2,3,3,2,,,"Magic Control (Whenever this Character becomes the
target of a Spell or Ability your opponent controls, if it is
unturned, reduce the Spellpower of that Spell or Ability by 1.
IJ it has no Spellpower value, it gains Spelpower equal to 5
minus this Character's RES instead.)",,machine,https://bluthelden.com/cdn/shop/files/BL_D-06_Astral_Lizard.png?v=1781882023&width=3200
031cb0ae0a25,Banner of the Tribes,Alliances,Mythic Artifact,blue,L,3,,,,,,,,"Characters you control gain INI +1 and RES +1 as long
as they remain unturned. Characters you control gain
POW/HP +1/+1 as long as they remain turned.",,machine,https://bluthelden.com/cdn/shop/files/BL_D-07_Banner_of_Tribes.png?v=1781882023&width=3200
4418ffbc7b75,Banner of the Tribes,Alliances,Mythic Artifact,blue,L,3,,,,,,,,"Characters you control gain INI +1 and RES +1 as long
as they remain unturned. Characters you control gain
POW/HP +1/+1 as long as they remain turned.",,machine,https://bluthelden.com/cdn/shop/files/BL_D-08_Banner_of_Tribes.png?v=1781882024&width=3200
d5fb3846efbf,Diverted Power,Alliances,Equilibra Spell,grey,N,2,,,,,,3,,"Deal 1 DMG to target Character or reduce 1 LP to
target Sovereign. Draw one card, then discard one at
the end of your turn.",,machine,https://bluthelden.com/cdn/shop/files/BL_D-09_DIVERTED_POWER_Amar_Sekarwangi_20250410.png?v=1781882024&width=3200
ac76871fa40e,Diverted Power,Alliances,Equilibra Spell,grey,N,2,,,,,,3,,"Deal 1 DMG to target Character or reduce 1 LP to
target Sovereign. Draw one card, then discard one at
the end of your turn.",,machine,https://bluthelden.com/cdn/shop/files/BL_D-10_DIVERTED_POWER_Amar_Sekarwangi_20250410.png?v=1781882023&width=3200
cae42fe2a13d,Drowning Grasp,Alliances,Spell,blue,N,3,,,,,,,,"Put a Drenched counter on target Character.
(A Drenched Character gets 1 INI-1 counter at the end of
each round.)",,machine,https://bluthelden.com/cdn/shop/files/BL_D-11_Drowning_Touch.png?v=1781882024&width=3200
00175db6911c,Drowning Grasp,Alliances,Spell,blue,N,3,,,,,,,,"Put a Drenched counter on target Character.
(A Drenched Character gets 1 INI-1 counter at the end of
each round.)",,machine,https://bluthelden.com/cdn/shop/files/BL_D-12_Drowning_Touch.png?v=1781882024&width=3200
88e4247dcd8f,Ebb Guardian,Alliances,"Character, Lizard",blue,L,2,1,2,3,3,3,,,"•: Protective Shield (If a Character in the same War
Zone would take DMG, this Character takes that DMG
instead.)",,machine,https://bluthelden.com/cdn/shop/files/BL_D-13_Ebb_Guardian.png?v=1781882024&width=3200
bae6feacf71c,Ebb Guardian,Alliances,"Character, Lizard",blue,L,2,1,2,3,3,3,,,"•: Protective Shield (If a Character in the same War
Zone would take DMG, this Character takes that DMG
instead.)",,machine,https://bluthelden.com/cdn/shop/files/BL_D-14_Ebb_Guardian.png?v=1781882024&width=3200
32acfcc2a2ea,Elixir of Life,Alliances,Spell,blue,N,2,,,,,,,,Unturn target Character you control.,,machine,https://bluthelden.com/cdn/shop/files/BL_D-16_Elixir_of_Life.png?v=1781882024&width=3200
b0f987d4623e,Elixir of Life,Alliances,Spell,blue,N,2,,,,,,,,Unturn target Character you control.,,machine,https://bluthelden.com/cdn/shop/files/BL_D-15_Elixir_of_Life.png?v=1781882024&width=3200
ea0f5f120c73,Harpoon Hunter,Alliances,"Character, Lizard",blue,K,2,1,1,2,3,3,,,"Drowning Touch (Characters damaged by this Character
get a Drenched counter. They gain 1 INI-1 counter at the
end of each round.)
•: Ranged Combat (It deals DMG equal to its Power
to target Character in a War Zone within the same Lane.
Activate only as a combat action and only if this card is in
the Back Row.)",,machine,https://bluthelden.com/cdn/shop/files/BL_D-17_Harpoon_Hunter.png?v=1781882025&width=3200
7f564ee80b3e,Harpoon Hunter,Alliances,"Character, Lizard",blue,K,2,1,1,2,3,3,,,"Drowning Touch (Characters damaged by this Character
get a Drenched counter. They gain 1 INI-1 counter at the
end of each round.)
•: Ranged Combat (It deals DMG equal to its Power
to target Character in a War Zone within the same Lane.
Activate only as a combat action and only if this card is in
the Back Row.)",,machine,https://bluthelden.com/cdn/shop/files/BL_D-18_Harpoon_Hunter.png?v=1781882024&width=3200
468257060a9a,Lizard Egg,Alliances,Mythic Artifact,blue,L,3,,,,,,,,"Whenever a Character you control becomes the target
of a Spell or Ability your opponent controls, put 1 Egg
counter on Lizard Egg.
Remove 3 Egg counters: Search your Spell Deck for a
Lizard Character Card and put it turned into play.",,machine,https://bluthelden.com/cdn/shop/files/BL_D-19_Lizard_Egg.png?v=1781882024&width=3200
033701c421b3,Lizard Skypatrol,Alliances,"Character, Lizard",blue,L,4,2,4,2,4,4,,,"1, [Turn]: Create a Shield of Water Training Token and
attach it to this Character.",,machine,https://bluthelden.com/cdn/shop/files/BL_D-21_Lizard_Skypatrol.png?v=1781882025&width=3200
b050a0d7f828,Lizard Spear Carrier,Alliances,"Character, Lizard",blue,N,3,1,3,2,3,3,,,"1, [Turn]: Create a Shield of Water Training Token and
attach it to this Character.",,machine,https://bluthelden.com/cdn/shop/files/BL_D-24_Lizardman_spear_carrier.png?v=1781882026&width=3200
8315ab53f598,Lizard Spear Carrier,Alliances,"Character, Lizard",blue,N,3,1,3,2,3,3,,,"1, [Turn]: Create a Shield of Water Training Token and
attach it to this Character.",,machine,https://bluthelden.com/cdn/shop/files/BL_D-23_Lizardman_spear_carrier.png?v=1781882025&width=3200
63d46a5991b6,Lizardkeeper,Alliances,"Character, Lizard",blue,N,4,1,4,2,4,4,,,"O, [Turn]: Create a Shield of Water Training Token ande
attach it to this Character.",,machine,https://bluthelden.com/cdn/shop/files/BL_D-26_Lizard_Keeper.png?v=1781882028&width=3200
32df081427b1,Lizardkeeper,Alliances,"Character, Lizard",blue,N,4,1,4,2,4,4,,,"O, [Turn]: Create a Shield of Water Training Token ande
attach it to this Character.",,machine,https://bluthelden.com/cdn/shop/files/BL_D-25_Lizard_Keeper.png?v=1781882026&width=3200
068743b8e66f,"Rex, Dragon of Deception",Alliances,"Epic Character, Lizard",blue,L,4,2,4,4,4,4,,,"Magic Control (Whenever this Character becomes the
target of a Spell or Ability your opponent controls, if it is
unturned, reduce the Spellpower of that Spell or Ability by 1.
If it has no Spellpower value, it gains Spellpower equal to 5
minus this Character's RES instead.)",,machine,https://bluthelden.com/cdn/shop/files/BL_D-27_Rex__Lizard_of_deception.png?v=1781882027&width=3200
04ef8283f7fa,Ring of Waves,Alliances,Mythic Artifact,blue,F,2,,,,,,,,"•: Gain 1 ASP.
Whenever 1 or more INI -1 counters are put on a
Character your opponent controls, put an additional
INI -1 counter on it.",,machine,https://bluthelden.com/cdn/shop/files/BL_D-29_Ring_of_Waves.png?v=1781882027&width=3200
0cb4054ca311,Sage of the Waves,Alliances,"Character, Lizard",blue,K,3,1,3,3,3,2,,,"When Sage of the Waves enters play, you may turn or
unturn target Character or Artifact.",,machine,https://bluthelden.com/cdn/shop/files/BL_D-31_Sage_of_the_waves.png?v=1781882028&width=3200
8f5ad3a95cc8,Sage of the Waves,Alliances,"Character, Lizard",blue,K,3,1,3,3,3,2,,,"When Sage of the Waves enters play, you may turn or
unturn target Character or Artifact.",,machine,https://bluthelden.com/cdn/shop/files/BL_D-30_Sage_of_the_waves.png?v=1781882028&width=3200
407e29ef1f4f,Spell Disruptor,Alliances,Artifact,blue,L,3,,,,,,,,"This Artifact enters play with 1 Interrupt counter on it.
1, [Turn], remove 1 Interrupt counter: Neutralize target
Spell. (Put it from the Reaction Chain into its owner's
Graveyard.)
3: Put one Interrupt counter on this Artifact.",,machine,https://bluthelden.com/cdn/shop/files/BL_D-32_Spell_Disruptor.png?v=1781882029&width=3200
d8db8e7501a5,Wave,Alliances,Spell,blue,L,5,,,,,,5,,Deal 2 DMG to all non-Lizard Characters in target Lane.,,machine,https://bluthelden.com/cdn/shop/files/BL_D-35_Wave.png?v=1781882029&width=3200
0d26d6fbac2b,Wave,Alliances,Spell,blue,L,5,,,,,,5,,Deal 2 DMG to all non-Lizard Characters in target Lane.,,machine,https://bluthelden.com/cdn/shop/files/BL_D-34_Wave.png?v=1781882030&width=3200
ffe3ebeaa3c0,"Waron, Water Dragon",Alliances,"Epic Character, Dragon",blue,L,5,2,4,3,4,5,,,"Drowning Touch (Characters damaged by this Character
get a Drenched counter. A drenched Character gets 1 INI -1
counter at the end of each round.)
Magic Control
1, [Turn]: Create a Shield of Water Training Token and
attach it to this Character.",,machine,https://bluthelden.com/cdn/shop/files/BL_D-36_Waron_Water_Dragon.png?v=1781882030&width=3200
73fed58bc2c4,Water Jet,Alliances,Spell,blue,K,1,,,,,,3,,"Move target Character without turning it or spending
its action. If it can't be moved, turn it instead.",,machine,https://bluthelden.com/cdn/shop/files/BL_D-38_Water_Jet.png?v=1781882031&width=3200
6f8aa1a0ca4a,Waterpriestress,Alliances,"Character, Lizard",blue,N,4,2,1,4,3,2,,,"If you control Novice of the Water you may pay 2 less
to summon Waterpriestress.
If you do, Rise Novice of the Water.
O: Gain O ASP as long as this Character remains
3: Target Character in the same Lane gains
Unblockable until the end of this round.",,machine,https://bluthelden.com/cdn/shop/files/BL_D-40_Waterpriestress.png?v=1781882032&width=3200
473c000d848f,Waterpriestress,Alliances,"Character, Lizard",blue,N,4,2,1,4,3,2,,,"If you control Novice of the Water you may pay 2 less
to summon Waterpriestress.
If you do, Rise Novice of the Water.
O: Gain O ASP as long as this Character remains
3: Target Character in the same Lane gains
Unblockable until the end of this round.",,machine,https://bluthelden.com/cdn/shop/files/BL_D-39_Waterpriestress.png?v=1781882031&width=3200
31c7fc12eddb,Wizard of Lizards,Alliances,"Character, Lizard",blue,K,2,1,2,2,3,3,,,"7sGeases7
When Wizard of Lizards enters play, unturn target
Character you control in the same Lane.
Magic Control (Whenever this Character becomes the
target of a Spell or Ability your opponent controls, ifit is
unturned, reduce the Spellpower of that Spell or Abilty by 1.
J it has no Spelpower value, it gains Spellpower equal to 5
minus this Character's RES instead.",,machine,https://bluthelden.com/cdn/shop/files/BL_D-42_Wizard_of_Lizards.png?v=1781882032&width=3200
ac6c48fe9f47,Wizard of Lizards,Alliances,"Character, Lizard",blue,K,2,1,2,2,3,3,,,"When Wizard of Lizards enters play, unturn target
Character you control in the same Lane.
Magic Control (Whenever this Character becomes the
target of a Spell or Ability your opponent controls, ifit is
unturned, reduce the Spellpower of that Spell or Abilty by 1.
J it has no Spelpower value, it gains Spellpower equal to 5
minus this Character's RES instead.",,machine,https://bluthelden.com/cdn/shop/files/BL_D-41_Wizard_of_Lizards.png?v=1781882032&width=3200
64c5ff7f0a8d,Brood Cavern,Alliances,Resource,blue,N,,1,,,,,,,"sagYzLprr
When Brood Cavern enters play, draw a card then
discard a card.
®: Gain 1 ASP.",,machine,https://bluthelden.com/cdn/shop/files/BL_D-44_Brood_Cavern.png?v=1781882032&width=3200
8e1287fcf493,Brood Cavern,Alliances,Resource,blue,N,,1,,,,,,,"sagYzLprr
When Brood Cavern enters play, draw a card then
discard a card.
®: Gain 1 ASP.",,machine,https://bluthelden.com/cdn/shop/files/BL_D-43_Brood_Cavern.png?v=1781882032&width=3200
401b38051c1f,Coral Reef,Alliances,Resource,blue,N,,2,,,,,,,®: Gain 1 ASP for each Coral Reef you control.,,machine,https://bluthelden.com/cdn/shop/files/BL_D-46_Coral_reef.png?v=1781882033&width=3200
d3a428d8077a,Coral Reef,Alliances,Resource,blue,N,,2,,,,,,,®: Gain 1 ASP for each Coral Reef you control.,,machine,https://bluthelden.com/cdn/shop/files/BL_D-45_Coral_reef.png?v=1781882033&width=3200
5fc1073f40c1,Fertile Field,Alliances,Equilibra Resource,grey,K,,1,,,,,,,'@: Gain 1 ASP.,,machine,https://bluthelden.com/cdn/shop/files/BL_D-48_FERTILE_FIELD.png?v=1781882034&width=3200
59a7fe9e150e,Fertile Field,Alliances,Equilibra Resource,grey,K,,1,,,,,,,'@: Gain 1 ASP.,,machine,https://bluthelden.com/cdn/shop/files/BL_D-47_FERTILE_FIELD.png?v=1781882033&width=3200
6f1b92d14785,"Issh’Kala, Daughter of Tirash'Ka",Alliances,"Mythic Character, Lizard Advisor",blue,F,4,2,,,5,,,,"Advisor (You have to place this card in the Advisor slot. It is
still a Character that can be the target of spells or abilities.)
When Issh'Kala, Daughter of Tirash'Ka enters play,
create a turned 5/5 Serpent of the Deep Token with
«3: This Character gains Unblockable until end of this
: Create a 5/5 Serpent of the Deep Token, activate
only if you control no Serpent.",,machine,https://bluthelden.com/cdn/shop/files/BL_D-49_Issh_Kala_Daughter_of_Tirash_Ka.png?v=1781882034&width=3200
4ae59401672a,Novice of the Water,Alliances,"Character, Lizard",blue,N,2,1,1,2,2,2,,,"If you control a LVL 2 Resource, : Rise (Search your
Spell Deck for a card named Waterpriestress and place
it on this slot. Transfer all counters from Novice of the
Water to it. Then destroy Novice of the Water.)
•: Gain 1 ASP, as long as this Character remains",,machine,https://bluthelden.com/cdn/shop/files/BL_D-50_Novice_of_the_water.png?v=1781882035&width=3200
ea38137d0191,Novice of the Water,Alliances,"Character, Lizard",blue,N,2,1,1,2,2,2,,,"If you control a LVL 2 Resource, : Rise (Search your
Spell Deck for a card named Waterpriestress and place
it on this slot. Transfer all counters from Novice of the
Water to it. Then destroy Novice of the Water.)
•: Gain 1 ASP, as long as this Character remains",,machine,https://bluthelden.com/cdn/shop/files/BL_D-51_Novice_of_the_water.png?v=1781882035&width=3200
62aff185a703,Priest,Alliances,Equilibra Character,grey,K,1,1,4,2,4,2,,,"•: Gain 1 ASP, as long as this Character remains",,machine,https://bluthelden.com/cdn/shop/files/BL_D-52_PRIEST_Amar_Sekarwangi.png?v=1781882035&width=3200
29b769c02388,Subsea Flow,Alliances,Resource,blue,N,,1,,,,,,,"KHGATIRNMNENXEKG
When Subsea Flow enters play, turn or unturn target
Character in the same Lane.
®: Gain O ASP.",,machine,https://bluthelden.com/cdn/shop/files/BL_D-57_Subsea_FLow.png?v=1781882037&width=3200
be648e2b13a3,Subsea Flow,Alliances,Resource,blue,N,,1,,,,,,,"KHGATIRNMNENXEKG
When Subsea Flow enters play, turn or unturn target
Character in the same Lane.
®: Gain O ASP.",,machine,https://bluthelden.com/cdn/shop/files/BL_D-58_Subsea_FLow.png?v=1781882037&width=3200
5ffd2cf40bde,Temple of Water,Alliances,Resource,blue,N,,2,,,,,,,"®: Gain 1 ASP, gain 2 ASP instead if a Character is
bound to this Resource.
1,9: Return target Character that is bound to this
Resource to its owner's hand.",,machine,https://bluthelden.com/cdn/shop/files/BL_D-59_Temple_of_water.png?v=1781882037&width=3200
992737e38ca0,Shield of Water,Alliances,"Fundamental Training, Token",blue,T,,,,,,,,,"YRЖYRKSSDGTNSEnЖЖEAYRAFИ
The next time trained Character would take DMG,
prevent that DMU, then sacritice all Shield of Water
Trainings attached to it.",,machine,https://bluthelden.com/cdn/shop/files/BL_TK-01a_Shield_of_water.png?v=1781882038&width=3200
7c29d18b4047,Shield of Water,Alliances,"Fundamental Training, Token",blue,T,,,,,,,,,"YRЖYRKSSDGTNSEnЖЖEAYRAFИ
The next time trained Character would take DMG,
prevent that DMU, then sacritice all Shield of Water
Trainings attached to it.",,machine,https://bluthelden.com/cdn/shop/files/BL_TK-01b_Shield_of_water.png?v=1781882038&width=3200
ef7893a1bfcc,Serpent of the Deep,Alliances,"Token Character, Serpent",blue,T,,,5,5,5,5,,,"3: This Character gains Unblockable until the end of
round. (It can't be blocked.)",,machine,https://bluthelden.com/cdn/shop/files/BL_TK-02a_Serpent_of_the_Deep.png?v=1781882038&width=3200
f524e0ef5ec4,"Grak'Nar, the Bloodrage",Alliances,Red Sovereign,red,F,,,,,,,,30,"•, Pay 1LP: Gain 1 ASP.
[Turn], Pay 2 LP: Create a Mythic Chieftain of War, Magic
or Strategy Training Token and attach it to target
Character with Horde you control.
Pay 4 LP, sacrifice a Chieftain: Deal X DMG to target
Character, where X is equal to the number of
Characters with Horde you control.",,machine,https://bluthelden.com/cdn/shop/files/RD_D-01_Orc_King.png?v=1782382064&width=3200
ac09d5e9fd10,Sovereign's Rune,Alliances,"Equilibra Resource, Rune",grey,F,,,,,,,,,"Rune (You have to place this card in the Rune Slot at the
beginning of the game.)
@: Gain 1 ASP.
[Turn]: Search your pool for an Advisor, a Character with
Binding, or a Resource card and reveal it. Place the
searched card in its designated Slot without paying
any costs. Then shuffle your pool.",,machine,https://bluthelden.com/cdn/shop/files/RD_D-02-SOVEREIGNS_RUNE.png?v=1782382063&width=3200
a48fd9ac2b16,Abominable Beast of the Orcs,Alliances,"Character, Beast",red,N,4,2,5,3,2,3,,,,,machine,https://bluthelden.com/cdn/shop/files/RD_D-04_Abominable_Beast_of_the_Orcs.png?v=1782382064&width=3200
6e155b315ed2,Amulet of the Scum,Alliances,Artifact,red,N,3,,,,,,,,"Whenever a Character with Horde you control dies,
put one Time counter on Amulet of the Scum.
2, remove 3 Time counters: Create a Mythic Chieftain
of War, Magic or Strategy Training Token and attach it
to target Character with Horde you control.",,machine,https://bluthelden.com/cdn/shop/files/RD_D-05_Amulet_of_the_scum.png?v=1782382063&width=3200
7ec9452bd53b,Antimagic,Alliances,Equilibra Spell,grey,K,3,,,,,,,,"Destroy target Artifact, Ritual or Training.",,machine,https://bluthelden.com/cdn/shop/files/RD_D-06_ANTIMAGIC_Muhammad_Fatih.png?v=1782382063&width=3200
f60c46ad8d5e,Antimagic,Alliances,Ritual,red,F,6,,,,,,,,"When this Ritual enters play, create three 3/2 0rc
Fighter Tokens with Horde.
Second Round: At the beginning ot your Turn, create
a Mythic Chieftain of War, Magic or Strategy Training
Token and attach it to target Character with Horde
you control.
Third Round: Repeat the second round Ability, then
sacrifice this Ritual.",,machine,https://bluthelden.com/cdn/shop/files/RD_D-08_Assembling_of_the_Chieftains.png?v=1782382064&width=3200
490639e571ae,Bärenkatapult,Alliances,Spell,red,L,3,,,,,,4,,"As an additional cost to cast this Spell, sacrifice a
Character.
Deal DMG to target Character equal to the sacrificed
Character's POW.",,machine,https://bluthelden.com/cdn/shop/files/RD_D-10_Baerenkatapult.png?v=1782382064&width=3200
b51320adf791,Elite Warrior of the Burning Plains,Alliances,"Character, Orc",red,L,4,2,4,3,3,4,,,"As long as you control a Chieftain of War, this
Character gains Two-Handed Combat and Speed.",,machine,https://bluthelden.com/cdn/shop/files/RD_D-11_Elite_Warrior_of_the_Burning_Plains.png?v=1782382064&width=3200
a60c85ef6f79,Fireshaman,Alliances,"Character, Orc",red,N,4,2,2,4,3,2,,,": Deal 2 DMG to target Character in the War
Zone in the same Lane. Activate only if you control a
Chieftain of Magic.",,machine,https://bluthelden.com/cdn/shop/files/RD_D-14_FIreshaman.png?v=1782382063&width=3200
ac0fdaa7085a,Flames of Khrakan,Alliances,Fundamental Training,red,L,3,,,,,,,,"Trained Character gains: 2, [Turn]: Deal 2 DMG to Target
Character in the same Lane. Deal an additional DMG it
you control a Chieftain of War, Strategy or Magic.",,machine,https://bluthelden.com/cdn/shop/files/RD_D-15_Flames_of_Kharakan.png?v=1782382064&width=3200
e798a4acecd8,Goblin,Alliances,"Character, Goblin",red,K,2,1,2,2,2,2,,,,,machine,https://bluthelden.com/cdn/shop/files/RD_D-17_GOblin.png?v=1782382064&width=3200
e46456d0fb66,Goblin Archer,Alliances,"Character, Goblin",red,N,3,1,4,2,2,3,,,"•: Ranged Combat (It deals DMG equal to its Power
to target Character in a War Zone within the same Lane.
Activate only as a combat action and only if this card is in
the Back Row.)",,machine,https://bluthelden.com/cdn/shop/files/RD_D-20_Goblin_Archer.png?v=1782382064&width=3200
dc20834541c4,Goblin Fire,Alliances,Spell,red,N,1,,,,,,3,,Deal 1 DMG to every Character in target War Zone.,,machine,https://bluthelden.com/cdn/shop/files/RD_D-22_Goblin_Fire.png?v=1782382064&width=3200
29d2f8578025,Goblin Skewer,Alliances,"Character, Goblin",red,N,3,1,3,2,2,3,,,,,machine,https://bluthelden.com/cdn/shop/files/RD_D-23_GOblin_skewer.png?v=1782382064&width=3200
8f1b0dd75a7e,Horde Leader,Alliances,"Character, Orc",red,L,4,2,4,4,3,4,,,,,machine,https://bluthelden.com/cdn/shop/files/RD_D-25_Horde_Leader.png?v=1782382064&width=3200
e005537a46cf,Orc Archer,Alliances,"Character, Orc",red,N,4,2,3,2,3,4,,,"•: Ranged Combat (It deals DMG equal to its Power
to target Character in a War Zone within the same Lane.
Activate only as a combat action and only if this card is in
the Back Row)",,machine,https://bluthelden.com/cdn/shop/files/RD_D-29_ORC_Archer.png?v=1782382065&width=3200
3c2f0f53424e,Orc Scout,Alliances,"Character, Orc",red,K,2,1,3,2,2,2,,,,,machine,https://bluthelden.com/cdn/shop/files/RD_D-31_Orc_Scout.png?v=1782382067&width=3200
3a6568054b2d,Orcish Warhound,Alliances,"Character, Dog",red,N,2,1,2,2,2,3,,,"When Orcish Warhound enters play, target Character
you control gains lactical Shitt until the end of the
round. (That Character may move once without turning
and using an action.)",,machine,https://bluthelden.com/cdn/shop/files/RD_D-33_Orcish_Warhound.png?v=1782382064&width=3200
7774489a314a,Orcish Warrior,Alliances,"Character, Orc",red,K,3,1,4,2,3,3,,,,,machine,https://bluthelden.com/cdn/shop/files/RD_D-34_Orcish_warrior.png?v=1782382065&width=3200
e037762053db,Ring of Fire,Alliances,Mythic Artifact,red,F,3,,,,,,,,"Gain 1 ASP
When Ring of Fire enters play, create a Fire Token in
target War Zone.",,machine,https://bluthelden.com/cdn/shop/files/RD_D-38_Ring_of_fire.png?v=1782382064&width=3200
6d70e10c3d6b,Spitefang Marauder,Alliances,"Character, Human",red,K,3,1,3,2,2,3,,,,,machine,https://bluthelden.com/cdn/shop/files/RD_D-39_Spitefang_Marauder.png?v=1782382064&width=3200
746ba6f3c9e3,Burning Pits,Alliances,Resource,red,L,,2,,,,,,,"®: Gain O ASP.
2, [Turn]: Create a Fire Token in the War Zone in the same",,machine,https://bluthelden.com/cdn/shop/files/RD_D-44_Burning_Pits.png?v=1782382064&width=3200
40d380e36aed,Citadel of the Orc King,Alliances,Mythic Resource,red,F,,2,,,,,,,"[Turn]: Gain O ASP, then gain an additional O ASP for
each Chieftain you control.",,machine,https://bluthelden.com/cdn/shop/files/RD_D-45_Citadel_of_the_Orc_King.png?v=1782382063&width=3200
4416206bd940,Fertile Field,Alliances,Equilibra Resource,grey,K,,1,,,,,,,®: Gain 1 ASP.,,machine,https://bluthelden.com/cdn/shop/files/RD_D-46_FERTILE_FIELD.png?v=1782382061&width=3200
e9413e44e0be,Forge,Alliances,Equilibra Resource,grey,K,,1,,,,,,,•: Gain 1 ASP.,,machine,https://bluthelden.com/cdn/shop/files/RD_D-48_FORGE.png?v=1782382062&width=3200
4021a69e337b,Goblin Priest,Alliances,"Character, Goblin",red,N,2,1,4,2,2,2,,,•: Gain O ASP as long as this Character remains,,machine,https://bluthelden.com/cdn/shop/files/RD_D-51_GOblin_Priest.png?v=1782382063&width=3200
8ae7e79da615,Marshall of the Burning Plains,Alliances,"Character, Orc",red,N,3,2,2,3,3,2,,,"): Gain UASP, as long as this Character remains
Bound. Gain 2 ASP instead if you control a Chieftain
of Strategy in the same Lane.",,machine,https://bluthelden.com/cdn/shop/files/RD_D-53_Marshall_of_the_Burning_Plains.png?v=1782382064&width=3200
25c9da05c157,Orc Village,Alliances,Resource,red,N,,1,,,,,,,"®: Gain O ASP.
2, [Turn]: Create a 3/2 Orc Fighter Token with Horde in the
same Lane.
ODANNARE TAEC",,machine,https://bluthelden.com/cdn/shop/files/RD_D-55_Orc_Village.png?v=1782382063&width=3200
4ac51c82d953,Priest,Alliances,Equilibra Character,grey,K,1,1,4,2,4,2,,,"•: Gain 1 ASP, as long as this Character remains",,machine,https://bluthelden.com/cdn/shop/files/RD_D-56_PRIEST.png?v=1782382060&width=3200
02b7c2337980,Topsoil of the Goblins,Alliances,Resource,red,L,,2,,,,,,,"ВЗUИНO 2OкМIС!
[Turn]: Gain O ASP. Gain 2 ASP instead if you control at
least 3 Characters with Horde.",,machine,https://bluthelden.com/cdn/shop/files/RD_D-58_Topsoil_of_the_Goblins.png?v=1782382063&width=3200
11dc093ed49c,Chieftain of Magic,Alliances,"Mythic Fundamental Training, Token",red,T,,,,,,,,,"Trained Character becomes a Chieftain of Magic in
addition to its other Card Types.
Other Characters with Horde in the same Lane gain
RES+1 for each Character with Horde you control in
that Lane.",,machine,https://bluthelden.com/cdn/shop/files/RD_TK_01a_Chieftain_of_Magic.png?v=1782382063&width=3200
7d8b8c38d5e4,Chieftain of Strategy,Alliances,"Mythic Fundamental Training, Token",red,T,,,,,,,,,"Trained Character becomes a Chieftain of Strategy in
addition to its other Card Types.
Other Characters with Horde in the same Lane gain
INI+1 for each Character with Horde you control in
that Lane.",,machine,https://bluthelden.com/cdn/shop/files/RD_TK_02a_Chieftain_of_Strategy.png?v=1782382064&width=3200
40a43fe9250c,Chieftain of War,Alliances,"Mythic Fundamental Training, Token",red,T,,,,,,,,,"Trained Character becomes a Chieftain of War in
addition to its other Card Types.
Other Characters with Horde in the same Lane gain
POW/HP+1/+0 for each Character with Horde you
control in that Lane.",,machine,https://bluthelden.com/cdn/shop/files/RD_TK_03a_Chieftain_of_war.png?v=1782382064&width=3200
94181a78d66b,Orc Fighter,Alliances,"Token Character, Orc",red,T,,,3,2,2,3,,,,,machine,https://bluthelden.com/cdn/shop/files/RD_TK_06_Orc_Fighter.png?v=1782382063&width=3200
e09fa611b406,"Miralyn Windblade, Bearer of the Covenant",Alliances,Purple Sovereign,purple,F,,,,,,,,20,"All Fairies you control have Fairy Dust (Every time this
Character would deal DMG to a Character your opponenu
controls, put that many RES-1 counter on it instead. If that
Character's RES becomes O or less this way, banish it.)
, Pay 1 LP: Gain 1 ASP.
Pay 1 LP: Create an Alliance Training Token and attach
it to target Fairy Character you control. Use this ability
only once per round",'+2,machine,https://bluthelden.com/cdn/shop/files/PU_D-01_Miralyn_Windblade_Bearer_of_the_Covenant_faa8ad42-ca7b-4136-8d07-e0e345c64157.png?v=1783244419&width=3200
a81bcd4222b3,Sovereign's Rune,Alliances,"Equilibra Resource, Rune",grey,F,,,,,,,,,"Rune (You have to place this card in the Rune Slot at the
beginning of the game.)
@: Gain 1 ASP.
[Turn]: Search your pool for an Advisor, a Character with
Binding, or a Resource card and reveal it. Place the
searched card in its designated Slot without paying
any costs. Then shuffle your pool.",,machine,https://bluthelden.com/cdn/shop/files/PU_D-02_SOVEREIGNS_RUNE_James_Binks_20250409.png?v=1783244417&width=3200
bf876b40e788,"Akrasha, the Warden",Alliances,"Character, Arcane",purple,L,3,2,3,4,4,4,,,"Teleport (Characters with Teleport may move into the
adjacent Lane in the same Zone.)",,machine,https://bluthelden.com/cdn/shop/files/PU_D-03_Akrasha_the_Warden.png?v=1783244419&width=3200
2abcc3dfc0c6,Amulet of Isa,Alliances,Artifact,purple,L,2,,,,,,,,"When Amulet of Isa enters play you may look at your
opponent's hand and put 1 Alertness counter on it.
O, remove 1 Alertness counter: Neutralize target Spell
or target permanent card on the reaction chain your
opponent controls. (Put it from the reaction chain into its
owner's Graveyard)
Whenever a Character you control with Alliance dies,
you may pay 2. If you do, put1 Alertness counter on
this Artifact.",,machine,https://bluthelden.com/cdn/shop/files/PU_D-06_Amulet_of_Isa.png?v=1783244420&width=3200
633b19aee79c,Antimagic,Alliances,Equilibra Spell,grey,K,3,,,,,,,,"Destroy target Artifact, Ritual or Training.",,machine,https://bluthelden.com/cdn/shop/files/PU_D-07_ANTIMAGIC_Muhammad_Fatih_20250409.png?v=1783244417&width=3200
888d751d76fc,Banner of the Alliance,Alliances,Mythic Artifact,purple,L,3,,,,,,,,"When Banner of the Alliance enters play, create one 1/2
Fairy Character Token with Flying and Alliance.
•: Create an Alliance Training Token and attach it to
target Fairy Character you control.",,machine,https://bluthelden.com/cdn/shop/files/PU_D-09_Banner_of_the_Alliance.png?v=1783244418&width=3200
0bf5a262e0ac,Enchanted Trinket,Alliances,Fundamental Training,purple,K,2,,,,,,,,"Trained Character gains POW/HP +1/+0.
At the beginning of your turn, you may return this
card to your hand. If you do, draw a card.",,machine,https://bluthelden.com/cdn/shop/files/PU_D-12_Enchanted_Trinket.png?v=1783244416&width=3200
2ec1c5f0e7df,Fairy of Battle,Alliances,"Character, Fairy",purple,K,3,1,2,3,3,3,,,Veil (Characters with Veil cannot be attacked using Ranged,,machine,https://bluthelden.com/cdn/shop/files/PU_D-14_Fairy_of_Battle.png?v=1783244418&width=3200
3d678ab897d0,Illusion Dust,Alliances,Spell,purple,N,4,,,,,,,,"Return target Artifact, Ritual or Training to its owner's",,machine,https://bluthelden.com/cdn/shop/files/PU_D-16_Illusion_Dust.png?v=1783244417&width=3200
1c1da35cabb8,Magical Raindrop,Alliances,Fundamental Training,purple,N,2,,,,,,3,,"Trained Character gains RES+1 and 1, Put a RES-1
counter on it: Put a POW/HP +0/+2 Counter on target
other Character in the same Lane. Then, if the trained
Character has 0 or less RES, banish it.",,machine,https://bluthelden.com/cdn/shop/files/PU_D-21_Magical_Raindrop.png?v=1783244419&width=3200
5cf035f37fd7,Messenger Fae,Alliances,"Character, Fairy",purple,K,2,1,4,2,3,4,,,®: Return Messenger Fae to its owner's hand.,,machine,https://bluthelden.com/cdn/shop/files/PU_D-23_messenger_fae.png?v=1783244418&width=3200
3d78069230c9,Not Your Time,Alliances,Spell,purple,K,2,,,,,,3,,Return target Character to its owner's hand.,,machine,https://bluthelden.com/cdn/shop/files/PU_D-24_not_your_time.png?v=1783244417&width=3200
ac355275934a,Pollen Fairy,Alliances,"Character, Fairy",purple,K,2,1,1,2,3,3,,,"•: Ranged Combat (It deals DMG equal to its Power
to target Character in a War Zone within the same Lane.
Activate only as combat action and only if this card is in the
Back Row.)",,machine,https://bluthelden.com/cdn/shop/files/PU_D-28_Pollen_FAiry.png?v=1783244420&width=3200
43f38f0dca63,Pollen Gun,Alliances,"Character, Fairy",purple,N,3,2,2,2,4,3,,,"®: Ranged Combat (It deals DMG equal to its Power
to target Character in a War Zone within the same Lane.
Activate only as combat action and only if this card is in the
Back Row.)
: Put 1 RES-1 counter on target Character in the
same Lane.",,machine,https://bluthelden.com/cdn/shop/files/PU_D-30_Pollen_Gun.png?v=1783244418&width=3200
af2ca3dd8f16,Protector of the Mirrorblossom,Alliances,"Character, Human",purple,N,4,2,2,6,4,4,,,"Sacrifice Protector of the Mirrorblossom: Redirect the
next DMG a Fairy you control would take this round to a
Character your opponent controls instead.",,machine,https://bluthelden.com/cdn/shop/files/PU_D-32_Protector_of_the_mirrorblossom.png?v=1783244419&width=3200
cbfc3d42a664,"Ralin, Toshi's Brother",Alliances,"Epic Character, Human",purple,L,5,2,5,5,5,5,,,"When Ralin, Toshi's Brother enters play, return up to one
target Character your opponent controls in the same Lane
to its owner's hand. Then create 1 Alliance Training Token
and attach it to Ralin, Toshis Brother.
You may treat Ralin, Toshi's Brother as if he is a Fairy.",,machine,https://bluthelden.com/cdn/shop/files/PU_D-34_Ralin_Toshi_Bruder.png?v=1783244419&width=3200
65243ac4ad82,Ring of the Fairies,Alliances,Mythic Artifact,purple,F,2,,,,,,2,,"®: Gain 1 ASP.
Whenever you return a permanent to its owners'
hand, use String of Destiny 2. (Look at the 2 top or
bottom cards ofyour Spell Deck. You may put them on top or
bottom of your Spell Deck in any order.)",,machine,https://bluthelden.com/cdn/shop/files/PU_D-36_Ring_Of_The_Fairies.png?v=1783244416&width=3200
02951d7de8ed,Soul Recall,Alliances,Spell,purple,L,4,,,,,,4,,"Return up to four target Characters you control to
their owner's hands. Then return up to that many
Characters your opponent controls to their owners'",,machine,https://bluthelden.com/cdn/shop/files/PU_D-37_Soul_REcall.png?v=1783244418&width=3200
11e5b2eaef3a,Stellar Magic,Alliances,Spell,purple,N,3,,,,,,5,,"Return an Artifact, Character, Ritual or Training to its
owner's hand.",,machine,https://bluthelden.com/cdn/shop/files/PU_D-39_Stellar_Magic.png?v=1783244419&width=3200
363471639f30,Whispering Pixie,Alliances,"Character, Fairy",purple,L,4,2,2,3,3,4,,,"When Whispering Pixie enters play, use String of
Destiny 2. (Look at the 2 top or bottom cards ofyour Spell
Deck. You may put them on top or bottom of your Spell Deck
in any order)",,machine,https://bluthelden.com/cdn/shop/files/PU_D-41_WHispering_Pixie.png?v=1783244419&width=3200
db925daa75be,Fertile Field,Alliances,Equilibra Resource,grey,K,,1,,,,,,,®: Gain 1 ASP.,,machine,https://bluthelden.com/cdn/shop/files/PU_D-45_FERTILE_FIELD_James_Binks_20250409.png?v=1783244414&width=3200
3892c78b2888,Forge,Alliances,Equilibra Resource,grey,K,,1,,,,,,,•: Gain 1 ASP.,,machine,https://bluthelden.com/cdn/shop/files/PU_D-46_FORGE_Anthony_Catillaz_20250409.png?v=1783244418&width=3200
049c859c5aa6,Forest of Wishes,Alliances,Resource,purple,L,,2,,,,,,,"®: Gain 1 ASP. Gain 2 ASP instead, if you control a
Character with Alliance in the same Lane.",,machine,https://bluthelden.com/cdn/shop/files/PU_D-47_Forest_of_Wishes.png?v=1783244419&width=3200
866f686f822b,Lysana's Creation,Alliances,Resource,purple,N,,1,,,,,,,"If a Character you control with Alliance in the same
Lane would take DMG, reduce it by 1.
®: Gain 1 ASP.",,machine,https://bluthelden.com/cdn/shop/files/PU_D-50_Lysanas_Werk.png?v=1783244416&width=3200
b833c5b4659b,Nimblefix,Alliances,"Character, Fairy",purple,N,3,1,4,2,3,3,,,"When Nimblefix enters play, put 1 RES -1 counter on
target Character in the same Lane.
: Gain 1 ASP as long as this Character remains",,machine,https://bluthelden.com/cdn/shop/files/PU_D-52_Nimblefix.png?v=1783244419&width=3200
49e649ff0db2,Pollen Field,Alliances,Resource,purple,L,,2,,,,,,,"•: Gain 1 ASP.
When Pollen Field enters play, your Sovereign
regenerates 1 LP. Whenever a Character you control
gains Alliance, your Sovereign regenerates 1 LP.",,machine,https://bluthelden.com/cdn/shop/files/PU_D-53_Pollen_Field.png?v=1783244418&width=3200
d69e7c44bc2d,Priest,Alliances,"Character, Priest",purple,K,1,1,4,2,4,2,,,"•: Gain 1 ASP, as long as this Character remains",,machine,https://bluthelden.com/cdn/shop/files/PU_D-56_PRIEST_Amar_Sekarwangi_20250409.png?v=1783244414&width=3200
eb6dc4232a95,Wondrous Clearing,Alliances,Resource,purple,N,,1,,,,,,,"When Wondrous Clearing enters play, use String of
Destiny 2 (Look at the 2 top or bottom cards ofyour Spell
Deck. You may put them on top or bottom of your Spell Deck
in any order.)
®: Gain 1 ASP.",,machine,https://bluthelden.com/cdn/shop/files/PU_D-58_Wonderos_Clearing.png?v=1783244418&width=3200
f27ea2cd8c5d,The Cat,Alliances,"Character, Fairy Cat",purple,N,3,2,2,2,3,3,,,"When The Cat enters play, create one 1/2 Fairy
Character Token with Flying and Alliance.
): Gain 1 ASP as long as this Character remains",,machine,https://bluthelden.com/cdn/shop/files/PU_D-60_the_cat.png?v=1783244419&width=3200
19532e874bac,Alliance,Alliances,"Fundamental Training, Token",purple,T,,,,,,,,,"When this Training enters play, regenerate 1 LP to
your Sovereign. Trained Character gains Alliance.
(Ifyour Sovereign would take DMG from any combat
actions, you may redirect that DMG to trained Character
instead.)",,machine,https://bluthelden.com/cdn/shop/files/PU_TK-01b_Alliance_Token.png?v=1783244416&width=3200
d3040d172479,Fighting Fairy,Alliances,"Token Character, Fairy",purple,T,,,4,2,2,3,,,"Alliance (Ifyour Sovereign would take DMG from any
combat actions, you may redirect that DMG to trained
Character instead.)",,machine,https://bluthelden.com/cdn/shop/files/PU_TK-02b_Fighting_Fairy_Token.png?v=1783244418&width=3200
89fd5d0e7aa4,"Krador, Sovereign of Stone and Soil",Alliances,Brown Sovereign,brown,F,,,,,,,,30,"Breaker of Earth - Whenever a brown non-Token permanent enters play under your control, create a Lerium
[Turn], Pay 1LP: Gain O ASP.
[Turn],Pay 2 LP, Sacrifice 5 Lerium: Target Stone Character
gains Punch and Ecstasy until the end of this round.",'+2,machine,https://bluthelden.com/cdn/shop/files/BR-D-01_Krador_Sovereign_of_stone_and_soil.png?v=1783769544&width=3200
55ca86adc123,Sovereigns Rune,Alliances,"Equilibra Resource, Rune",grey,F,,,,,,,,,"Rune (You have to place this card in the Rune Slot at the
beginning of the game.)
@: Gain 1 ASP.
[Turn]: Search your pool for an Advisor, a Character with
Binding, or a Resource card and reveal it. Place the
searched card in its designated Slot without paying
any costs. Then shuffle your pool.",,machine,https://bluthelden.com/cdn/shop/files/BR-D-02_SOVEREIGNS_RUNE_James_Binks_20250409.png?v=1783769535&width=3200
b25f9f203545,Antimagic,Alliances,Equilibra Spell,grey,K,3,,,,,,,,"Destroy target Artifact, Ritual or Training.",,machine,https://bluthelden.com/cdn/shop/files/BR-D-03_ANTIMAGIC_Muhammad_Fatih_20250409.png?v=1783769534&width=3200
7284a7bee418,Banner of Stone,Alliances,Mythic Artifact,brown,L,3,,,,,,,,"When Banner of Stone enters play, create one 2/2
Stone Goat Character Token and one Lerium Token
Characters you control gain POW/HP +0/+1.",,machine,https://bluthelden.com/cdn/shop/files/BR-D-05_Banner_of_Earth.png?v=1783769535&width=3200
a609605087fe,Bludgeon Worm,Alliances,"Character, Stone",brown,N,4,1,5,4,3,3,,,"""I will find you!""",,machine,https://bluthelden.com/cdn/shop/files/BR-D-07_Bludgeon_Wurm.png?v=1783769535&width=3200
a544ae7a8619,Diverted Power,Alliances,Equilibra Spell,grey,N,2,,,,,,3,,"Deal 1 DMG to target Character or reduce 1 LP to
target Sovereign. Draw one card, then discard one at
the end of your turn.",,machine,https://bluthelden.com/cdn/shop/files/BR-D-09_DIVERTED_POWER_Amar_Sekarwangi_20250410.png?v=1783769537&width=3200
4d48106fb0f1,Domain of the Stones,Alliances,Mythic Artifact,brown,L,4,,,,,,,,"Whenever a Character enters play under your control, you
may sacrifice one Lerium. If you do, put 1 POW/HP +1/+1
counter on that Character. If it is a Stone
Character, you may sacrifice one additional Lerium.
-If you do put 1 additional POW/HP +1/+1 counter on it.",,machine,https://bluthelden.com/cdn/shop/files/BR-D-12_Domain_of_the_Stones.png?v=1783769542&width=3200
c2d0040c9824,"Durnin, Dwarf of Valor",Alliances,"Epic Character, Dwarf",brown,L,5,2,4,4,3,3,,,"Overrun (When this Character enters play, it deals DMG
equal to its POW to target Character your opponent controls
in the same Lane.)",,machine,https://bluthelden.com/cdn/shop/files/BR-D-14_Durnin_Dwarf_of_Valor.png?v=1783769540&width=3200
46a3b4ed57aa,Dwarf Maiden,Alliances,"Character, Dwarf",brown,K,3,1,3,3,3,3,,,"When Dwarf Maiden dies, create 2 Lerium Tokens.",,machine,https://bluthelden.com/cdn/shop/files/BR-D-15_Dwarf_Maiden.png?v=1783769542&width=3200
c925672adfec,EARTH’S BREATH,Alliances,Spell,brown,L,4,,,,,,5,,"As an additional cost to cast this Spell, you may sacrifice 2
Deal 2 DMG to all Characters in target Lane. If the additional
cost was paid, deal an additional 1DMG to up to two target
Characters in that Lane.",,machine,https://bluthelden.com/cdn/shop/files/BR-D-17_Earths_Breath.png?v=1783769545&width=3200
549c4a48ddec,Ring of Earth,Alliances,Mythic Artifact,brown,F,2,,,,,,,,"O: Gain 1 ASP.
Once per round, if you create a non-Character Token,
create 1 additional Token of the same kind.",,machine,https://bluthelden.com/cdn/shop/files/BR-D-20_Ring_of_Earth.png?v=1783769545&width=3200
b69eacd24b5c,Rumbin the Goat Herder,Alliances,"Epic Character, Dwarf",brown,N,4,2,3,4,3,3,,,"When Rumbin the Goat Herder enters play, create a
2/2 Goat Stone Character Token.",,machine,https://bluthelden.com/cdn/shop/files/BR-D-22_Rumbin_the_Goat_Herder.png?v=1783769543&width=3200
32ee8d52234d,Stone Giant,Alliances,"Character, Stone",brown,L,6,2,6,6,3,3,,,"Dual Slot (This Character occupies two Slots in the War
Overrun (When this Character enters play, it deals DMG
equal to its POW to target Character your opponent controls
in the same Lane)",,machine,https://bluthelden.com/cdn/shop/files/BR-D-27_Stone_Giant.png?v=1783769545&width=3200
bfe8309c2c3d,Stonemason,Alliances,"Character, Dwarf",brown,K,3,1,2,4,3,3,,,"[Turn], sacrifice 1 Lerium: Target Stone Character
regenerates 1 HP.",,machine,https://bluthelden.com/cdn/shop/files/BR-D-29_Stonemason.png?v=1783769539&width=3200
8f4f9c1d64ad,Stoneix Arkeia,Alliances,Spell,brown,N,1,,,,,,,,"Create 3 Lerium Tokens. (It's an Artifact Token with
«Sacrifice this Artifact: Target Stone Character you control
gains POW/HP +0/+1 until the end of this round.i)",,machine,https://bluthelden.com/cdn/shop/files/BR-D-32_Stoneix_Arkeia.png?v=1783769545&width=3200
e19dd1bb8065,Stoneworm,Alliances,"Character, Stone",brown,L,6,2,6,6,4,3,,,"When Stoneworm enters play, create 2 Lerium Tokens.
(It's an Artifact Token with ""Sacrifice this Artifact: Target
Stone Character you control gains POW/HP +0/+1 until the
end of this roundi)",,machine,https://bluthelden.com/cdn/shop/files/BR-D-34_Stonewurm.png?v=1783769543&width=3200
ebdd3b2d8c11,Tail Swipe,Alliances,Spell,brown,K,3,,,,,,4,,"As an additional cost to cast this Spell, you may
sacrifice 2 Lerium.
Deal 1 DMO to every Character in target War Lone.
It this Spell' s additional cost was paid, deal 2 DMG",,machine,https://bluthelden.com/cdn/shop/files/BR-D-36_Tail_Swipe.png?v=1783769541&width=3200
ab1cf79dd829,The Giant Golem,Alliances,"Character, Stone",brown,F,6,2,7,7,3,3,,,"Dual Slot (This Character occupies two Slots in the War
Sacrifice 1 Lerium Token: This Character gains Punch
until the end of this round.",,machine,https://bluthelden.com/cdn/shop/files/BR-D-37_Giant_Golem.png?v=1783769541&width=3200
c24dc21b5ce8,"Vorax, the Worm",Alliances,"Epic Character, Stone",brown,L,6,2,4,6,3,2,,,"Dual Slot (This Character occupies two Slots in the War
If you control a Worm Token, pay 2 ASP less to
summon Vorax, the Worm, then Rise Worm Token.
When Vorax, the Worm emerges in your opponent's
War Zone, all other Characters in that War Zone gain Fear
and retreat to the Back Row. If they can't retreat, destroy
them instead. Vorax, the Worm does not unturn at the
beginning of the next round.",,machine,https://bluthelden.com/cdn/shop/files/BR-D-39_Vorax_the_Wurm.png?v=1783769543&width=3200
0b1d191aaf2d,Stonebound Riches,Alliances,Spell,brown,K,3,,,,,,,,"Create a 2/2 Worm Token with Emerge 3 in target
War Zone.",,machine,https://bluthelden.com/cdn/shop/files/BR-D-25_Stonebound_Riches.png?v=1783769542&width=3200
b01881c17e77,Aethonwynn Mother of all Stones,Alliances,"Mythic Character, Stone Advisor",brown,F,5,2,,,5,,,,"Advisor (You have to place this card in the Advisor Slot. It is
still a Character that can be the target of spells or abilities.)
[Turn]: Create two Lerium Tokens.
[Turn], Sacrifice one Lerium Token: All Stone Characters
you control gain RES +1, INI +1, POW/HP +1/+1 until the
end of this round.",,machine,https://bluthelden.com/cdn/shop/files/BR-D-43_Aethonwynn_Mother_of_all_Stones.png?v=1783769539&width=3200
67956d37259f,Forge,Alliances,Equilibra Resource,grey,K,,1,,,,,,,•: Gain 1 ASP.,,machine,https://bluthelden.com/cdn/shop/files/BR-D-46_FORGE_Anthony_Catillaz_20250409.png?v=1783769540&width=3200
c57a9dfaecc1,Guardian of the Treasury,Alliances,"Character, Dwarf",brown,N,3,2,2,3,3,3,,,"When Guardian of the Treasury enters play, create a
Lerium Token.
•: Gain 1 ASP as long as this Character remains Bound
•: Create 1 Lerium Token.",,machine,https://bluthelden.com/cdn/shop/files/BR-D-48_Guardian_of_the_Treasury.png?v=1783769544&width=3200
2a5d420cf0e0,Load Goat,Alliances,"Character, Stone, Goat",brown,N,4,2,3,4,3,3,,,"When Load Goat enters play, create a POW/HP 2/2 Worm
Token with Emerge 3 in your Warzone in the same Lane.
[Turn]: Gain O ASP as long as this Character remains Bound.",,machine,https://bluthelden.com/cdn/shop/files/BR-D-50_Load_Goat.png?v=1783769539&width=3200
fc249c334302,Peak of Eldor,Alliances,Resource,brown,L,,2,,,,,,,"Peak of Eldor enters play with 1 Giant counter on it.
[Turn]: Gain O ASP.
3, remove 1 Giant counter, Q: Create a 5/7 Stone Giant
Character Token with Dual Slot. Place it in target War",,machine,https://bluthelden.com/cdn/shop/files/BR-D-52_Peak_of_Eldor.png?v=1783769542&width=3200
d2ac67b57114,Smith,Alliances,Equilibra Character,grey,K,2,1,2,3,3,2,,,"1: Gain 1 ASP, as long as this Character remains Bound.",,machine,https://bluthelden.com/cdn/shop/files/BR-D-53_SMITH_Florian_Stitz_20250409.png?v=1783769540&width=3200
bee9607c8326,Stones Cave,Alliances,Resource,brown,L,,2,,,,,,,"[Turn]: Gain O ASP. Gain 2 ASP instead, if you control at
least two Stone Characters.
[Turn]: Create a 2/2 Goat Stone Character Token in the
same Lane.",,machine,https://bluthelden.com/cdn/shop/files/BR-D-55_Stone_Cave.png?v=1783769535&width=3200
85cf33788dea,Stone Kingdom,Alliances,Resource,brown,L,,2,,,,,,,"O: Gain 1 ASP.
2: Deal 1 DMG to target Stone Character you control,
then deal 1 DMG to target Character in the same Lane.",,machine,https://bluthelden.com/cdn/shop/files/BR-D-57_Stone_Kingdom.png?v=1783769541&width=3200
e60e2d938345,Stone Treasure,Alliances,Resource,brown,N,,1,,,,,,,"When this Resource enters play, create 1 Lerium
Token. (It's an Artifact Token with ""Sacrifice this Artifact:
Target Stone Character you control gains POW/HP +0/+1
until the end of this roundi)
[Turn]: Gain O ASP.
[Turn]: Create 1 Lerium Token.",,machine,https://bluthelden.com/cdn/shop/files/BR-D-60_Stone_Treasure.png?v=1783769543&width=3200
9f41179a768d,Lerium,Alliances,Token Artifact,brown,T,,,,,,,,,"Sacrifice this Artifact: Target Stone Character you
control gains POW/HP +0/+1 until the end of this round.",,machine,https://bluthelden.com/cdn/shop/files/BR-TK-01a_LeriumToken.png?v=1783769544&width=3200
dc9b3a6103a8,Stone Giant,Alliances,"Token Character, Stone",brown,T,,,6,6,3,3,,,"З СЕ 166
Dual Slot",,machine,https://bluthelden.com/cdn/shop/files/BR-TK03a_Stone_Giant_Token.png?v=1783769539&width=3200
